<?xml version="1.0" encoding="utf-8"?>
<window>
	<defaultcontrol always="true">999</defaultcontrol>
	<controls>
		<include>background</include>
		<include>fake-overlay</include>
		<control type="label">
			<!-- Settings Label -->
			<left>1419</left>
			<top>38</top>
			<width>465</width>
			<height>48</height>
			<label>$LOCALIZE[31556]</label>
			<font>apptv30</font>
		</control>
		<control type="label">
			<!-- Settings Label -->
			<left>1419</left>
			<top>93</top>
			<width>465</width>
			<height>48</height>
			<label>$LOCALIZE[5]</label>
			<font>apptv30</font>
		</control>
		<control type="group" id="999">
			<control type="button" id="981">
				<!-- Startup Settings Menu -->
				<left>1410</left>
				<top>168</top>
				<width>480</width>
				<height>84</height>
				<font>apptv23</font>
				<label>$LOCALIZE[31801]</label>
				<onfocus>Skin.SetString(skinsettingmenu,startup)</onfocus>
				<ondown>982</ondown>
				<onleft>100</onleft>
			</control>
			<control type="button" id="982">
				<!-- General Settings Menu -->
				<left>1410</left>
				<top>249</top>
				<width>480</width>
				<height>84</height>
				<font>apptv23</font>
				<label>$LOCALIZE[31802]</label>
				<onfocus>Skin.SetString(skinsettingmenu,general)</onfocus>
				<onup>981</onup>
				<ondown>983</ondown>
				<onleft>200</onleft>
			</control>
			<control type="button" id="983">
				<!-- Home window Settings Menu -->
				<left>1410</left>
				<top>330</top>
				<width>480</width>
				<height>84</height>
				<font>apptv23</font>
				<label>$LOCALIZE[31808]</label>
				<onfocus>Skin.SetString(skinsettingmenu,homescreen)</onfocus>
				<onup>982</onup>
				<ondown>984</ondown>
				<onleft>300</onleft>
			</control>
			<control type="button" id="984">
				<!-- Home menu Settings Menu -->
				<left>1410</left>
				<top>411</top>
				<width>480</width>
				<height>84</height>
				<font>apptv23</font>
				<label>$LOCALIZE[31806]</label>
				<onfocus>Skin.SetString(skinsettingmenu,custom)</onfocus>
				<onclick>ActivateWindow(1152,,return)</onclick>
				<onup>983</onup>
				<ondown>985</ondown>
			</control>
			<control type="button" id="985">
				<!-- Background Settings Menu -->
				<left>1410</left>
				<top>492</top>
				<width>480</width>
				<height>84</height>
				<font>apptv23</font>
				<label>$LOCALIZE[31804]</label>
				<onfocus>Skin.SetString(skinsettingmenu,background)</onfocus>
				<onup>984</onup>
				<ondown>986</ondown>
				<onleft>500</onleft>
			</control>
			<control type="button" id="986">
				<!-- Media sources Settings Menu -->
				<left>1410</left>
				<top>573</top>
				<width>480</width>
				<height>84</height>
				<font>apptv23</font>
				<label>$LOCALIZE[31805]</label>
				<onfocus>Skin.SetString(skinsettingmenu,sources)</onfocus>
				<onup>985</onup>
				<ondown>987</ondown>
				<onleft>600</onleft>
			</control>
			<control type="button" id="987">
				<!-- Supported Addons Menu -->
				<left>1410</left>
				<top>654</top>
				<width>480</width>
				<height>84</height>
				<font>apptv23</font>
				<label>$LOCALIZE[31556] $LOCALIZE[24001]</label>
				<onfocus>Skin.SetString(skinsettingmenu,addons)</onfocus>
				<onup>986</onup>
				<ondown>988</ondown>
				<onleft>700</onleft>
			</control>
			<control type="button" id="988">
				<!-- Support Settings Menu -->
				<left>1410</left>
				<top>735</top>
				<width>480</width>
				<height>84</height>
				<font>apptv23</font>
				<label>$LOCALIZE[31807]</label>
				<onfocus>Skin.SetString(skinsettingmenu,support)</onfocus>
				<onup>987</onup>
				<onleft>800</onleft>
			</control>
		</control>
		<control type="scrollbar" id="1223">
			<left>20</left>
			<top>168</top>
			<width>18</width>
			<height>813</height>
			<onright>998</onright>
			<animation condition="!Control.HasFocus(1223) + !Container.Scrolling + !String.IsEqual(Skin.String(show-scrollbar),$LOCALIZE[31875])" effect="fade" start="100" end="0" time="200" reversible="true">Conditional</animation>
			<visible>$EXP[isEnabledScrollbar] + !Skin.String(skinsettingmenu,custom)</visible>
		</control>
		<control type="group" id="998">
			<control type="group" id="100">
				<!-- Startup Settings -->
				<visible>Skin.String(skinsettingmenu,startup)</visible>
				<control type="image">
					<!-- Startup Settings Button Image -->
					<left>1410</left>
					<top>168</top>
					<width>480</width>
					<height>84</height>
					<texture border="9">button-default-focus.png</texture>
					<include>settingbutton-fade</include>
					<visible>!ControlGroup(999).HasFocus()</visible>
				</control>
				<!-- Markers for control area items -->
				<include content="page-offscreen-vertical">
					<param name="indicator1left" value="726"/>
					<param name="indicator1top" value="144"/>
					<param name="indicator2left" value="726"/>
					<param name="indicator2top" value="978"/>
					<param name="indicatorsize" value="24"/>
					<param name="indicatorcontainer" value="101"/>
				</include>
				<control type="grouplist" id="101">
					<left>80</left>
					<top>168</top>
					<width>1328</width>
					<height>813</height>
					<itemgap>-3</itemgap>
					<onleft>1223</onleft>
					<onright>999</onright>
					<pagecontrol>1223</pagecontrol>
					<control type="button" id="102">
						<!-- Startup screen type -->
						<include>settings-submenu-common</include>
						<textwidth>1178</textwidth>
						<label>$LOCALIZE[31854]</label>
						<label2>$INFO[Skin.String(startup-screentype)]</label2>
						<onclick>SetProperty(Dialog.1.Label,$LOCALIZE[31856])</onclick>
						<onclick>SetProperty(Dialog.1.BuiltIn,Skin.SetString(startup-screentype,$LOCALIZE[31856]))</onclick>
						<onclick>SetProperty(Dialog.2.Label,$LOCALIZE[31857])</onclick>
						<onclick>SetProperty(Dialog.2.BuiltIn,Skin.SetString(startup-screentype,$LOCALIZE[31857]))</onclick>
						<onclick>SetProperty(Dialog.3.Label,$LOCALIZE[31858])</onclick>
						<onclick>SetProperty(Dialog.3.BuiltIn,Skin.SetString(startup-screentype,$LOCALIZE[31858]))</onclick>
						<onclick>SetProperty(Dialog.4.Label,$LOCALIZE[31855])</onclick>
						<onclick>SetProperty(Dialog.4.BuiltIn,Skin.SetString(startup-screentype,$LOCALIZE[31855]))</onclick>
						<onclick>RunScript(script.embuary.helper,action=createselect,header=$LOCALIZE[31854])</onclick>
					</control>
					<control type="button" id="105">
						<!-- Startup Screen Path -->
						<include>settings-submenu-common</include>
						<textwidth>1178</textwidth>
						<enable>String.IsEqual(Skin.String(startup-screentype),$LOCALIZE[31858]) | String.IsEqual(Skin.String(startup-screentype),$LOCALIZE[31857])</enable>
						<label>- $LOCALIZE[31851] </label>
						<label2>$INFO[Skin.String(startup-screenpath)]</label2>
						<onclick condition="String.IsEqual(Skin.String(startup-screentype),$LOCALIZE[31857])">Skin.SetImage(startup-screenpath)</onclick>
						<onclick condition="String.IsEqual(Skin.String(startup-screentype),$LOCALIZE[31858])">Skin.SetFile(startup-screenpath)</onclick>
					</control>
					<control type="radiobutton" id="106">
						<!-- Startup Playlist toggle -->
						<include>settings-submenu-common</include>
						<label>$LOCALIZE[31852]</label>
						<textwidth>1125</textwidth>
						<onclick>Skin.ToggleSetting(startup-playlist)</onclick>
						<onclick condition="Skin.HasSetting(startup-playlist)">Skin.Reset(startup-playlistpath)</onclick>
						<onclick condition="!Skin.HasSetting(startup-playlist)">Skin.SetFile(startup-playlistpath,,special://musicplaylists)</onclick>
						<selected>Skin.HasSetting(startup-playlist)</selected>
						<radioposx>1266</radioposx>
					</control>
					<control type="button" id="107">
						<!-- Choose Playlist button -->
						<include>settings-submenu-common</include>
						<label>- $LOCALIZE[559] </label>
						<label2>$INFO[Skin.String(startup-playlistpath)]</label2>
						<textwidth>1178</textwidth>
						<enable>Skin.HasSetting(startup-playlist)</enable>
						<onclick>Skin.SetFile(startup-playlistpath,,special://musicplaylists)</onclick>
					</control>
					<control type="button" id="108">
						<!-- Reset Above Settings button -->
						<include>settings-submenu-common</include>
						<label>$LOCALIZE[10041]</label>
						<textwidth>1178</textwidth>
						<onclick>Skin.Reset(startup-screentype)</onclick>
						<onclick>Skin.Reset(startup-screenpath)</onclick>
						<onclick>Skin.Reset(startup-playlist)</onclick>
						<onclick>Skin.Reset(startup-playlistpath)</onclick>
					</control>
				</control>
			</control>
			<control type="group">
				<!-- General Settings -->
				<visible>Skin.String(skinsettingmenu,general)</visible>
				<control type="image">
					<!-- General Settings Button Image -->
					<left>1410</left>
					<top>249</top>
					<width>480</width>
					<height>84</height>
					<texture border="9">button-default-focus.png</texture>
					<include>settingbutton-fade</include>
					<visible>!ControlGroup(999).HasFocus()</visible>
				</control>
				<!-- Markers for control area items -->
				<include content="page-offscreen-vertical">
					<param name="indicator1left" value="726"/>
					<param name="indicator1top" value="144"/>
					<param name="indicator2left" value="726"/>
					<param name="indicator2top" value="978"/>
					<param name="indicatorsize" value="24"/>
					<param name="indicatorcontainer" value="200"/>
				</include>
				<control type="grouplist" id="200">
					<left>80</left>
					<top>168</top>
					<width>1328</width>
					<height>813</height>
					<itemgap>-3</itemgap>
					<onleft>1223</onleft>
					<onright>999</onright>
					<pagecontrol>1223</pagecontrol>
					<control type="radiobutton" id="201">
						<!-- Lock Screen Settings Toggle -->
						<include>settings-submenu-common</include>
						<label>$LOCALIZE[31880]</label>
						<textwidth>1125</textwidth>
						<onclick>Skin.ToggleSetting(lock-screensettings)</onclick>
						<selected>Skin.HasSetting(lock-screensettings)</selected>
						<radioposx>1266</radioposx>
					</control>
					<control type="radiobutton" id="202">
						<!-- LetterBar Toggle -->
						<include>settings-submenu-common</include>
						<label>$LOCALIZE[31884]</label>
						<textwidth>1125</textwidth>
						<onclick>Skin.ToggleSetting(show-letterbar)</onclick>
						<selected>Skin.HasSetting(show-letterbar)</selected>
						<radioposx>1266</radioposx>
					</control>
					<control type="button" id="203">
						<!-- Show Scrollbar -->
						<include>settings-submenu-common</include>
						<textwidth>1178</textwidth>
						<label>$LOCALIZE[31881]</label>
						<label2>$INFO[Skin.String(show-scrollbar)]</label2>
						<onclick>SetProperty(Dialog.1.Label,$LOCALIZE[31876])</onclick>
						<onclick>SetProperty(Dialog.1.BuiltIn,Skin.SetString(show-scrollbar,$LOCALIZE[31876]))</onclick>
						<onclick>SetProperty(Dialog.2.Label,$LOCALIZE[31875])</onclick>
						<onclick>SetProperty(Dialog.2.BuiltIn,Skin.SetString(show-scrollbar,$LOCALIZE[31875]))</onclick>
						<onclick>SetProperty(Dialog.3.Label,$LOCALIZE[31877])</onclick>
						<onclick>SetProperty(Dialog.3.BuiltIn,Skin.SetString(show-scrollbar,$LOCALIZE[31877]))</onclick>
						<onclick>RunScript(script.embuary.helper,action=createselect,header=$LOCALIZE[31881])</onclick>
					</control>
					<control type="radiobutton" id="205">
						<!-- Autoscroll Toggle -->
						<include>settings-submenu-common</include>
						<label>$LOCALIZE[31882]</label>
						<textwidth>1125</textwidth>
						<onclick>Skin.ToggleSetting(text-autoscroll)</onclick>
						<selected>Skin.HasSetting(text-autoscroll)</selected>
						<radioposx>1266</radioposx>
					</control>
					<control type="radiobutton" id="206">
						<!-- Media Overlay Toggle -->
						<include>settings-submenu-common</include>
						<label>$LOCALIZE[31883] </label>
						<textwidth>1125</textwidth>
						<onclick>Skin.ToggleSetting(media-overlay)</onclick>
						<selected>Skin.HasSetting(media-overlay)</selected>
						<radioposx>1266</radioposx>
					</control>
					<control type="radiobutton" id="209">
						<!-- Use Mouse/touch controls Toggle -->
						<include>settings-submenu-common</include>
						<label>$LOCALIZE[31890]</label>
						<textwidth>1125</textwidth>
						<onclick>Skin.ToggleSetting(show-touchcontrols)</onclick>
						<selected>$EXP[isEnabledTouch]</selected>
						<radioposx>1266</radioposx>
						<enable>System.GetBool(input.enablemouse)</enable>
					</control>
					<control type="radiobutton" id="210">
						<!-- Play videos theme tune Toggle -->
						<include>settings-submenu-common</include>
						<label>$LOCALIZE[31894]</label>
						<textwidth>1125</textwidth>
						<onclick>Skin.ToggleSetting(media-theme)</onclick>
						<selected>Skin.HasSetting(media-theme)</selected>
						<radioposx>1266</radioposx>
					</control>
					<control type="group" id="211">
						<height>84</height>
						<width>1328</width>
						<control type="togglebutton" id="212">
							<!-- Artist slideshow script install/config -->
							<onup>210</onup>
							<ondown>213</ondown>
							<onright>999</onright>
							<include>settings-submenu-common</include>
							<textwidth>1178</textwidth>
							<label>$LOCALIZE[571]</label>
							<altlabel>$INFO[Window(home).property(locale.country)]</altlabel>
							<align>right</align>
							<onclick>Skin.ToggleSetting(defaultmpaa-locale)</onclick>
							<usealttexture>!Skin.HasSetting(defaultmpaa-locale)</usealttexture>
						</control>
						<control type="label">
							<include>settings-submenu-common</include>
							<label>$LOCALIZE[31896]</label>
							<textoffsetx>27</textoffsetx>
						</control>
					</control>
					<control type="button" id="213">
						<!-- Reset Above Settings button -->
						<include>settings-submenu-common</include>
						<label>$LOCALIZE[10041]</label>
						<textwidth>1178</textwidth>
						<onclick>Skin.Reset(lock-screensettings)</onclick>
						<onclick>Skin.Reset(show-letterbar)</onclick>
						<onclick>Skin.Reset(show-scrollbar)</onclick>
						<onclick>Skin.Reset(sbar)</onclick>
						<onclick>Skin.Reset(text-autoscroll)</onclick>
						<onclick>Skin.Reset(media-overlay)</onclick>
						<onclick>Skin.Reset(show-touchcontrols)</onclick>
					</control>
				</control>
			</control>
			<control type="group" id="300">
				<!-- Home Screen Settings -->
				<visible>Skin.String(skinsettingmenu,homescreen)</visible>
				<control type="image">
					<!-- Background Settings Button Image -->
					<left>1410</left>
					<top>330</top>
					<width>480</width>
					<height>84</height>
					<texture border="9">button-default-focus.png</texture>
					<include>settingbutton-fade</include>
					<visible>!ControlGroup(999).HasFocus()</visible>
				</control>
				<!-- Markers for control area items -->
				<include content="page-offscreen-vertical">
					<param name="indicator1left" value="726"/>
					<param name="indicator1top" value="144"/>
					<param name="indicator2left" value="726"/>
					<param name="indicator2top" value="978"/>
					<param name="indicatorsize" value="24"/>
					<param name="indicatorcontainer" value="301"/>
				</include>
				<control type="grouplist" id="301">
					<left>80</left>
					<top>168</top>
					<width>1328</width>
					<height>813</height>
					<itemgap>-3</itemgap>
					<onleft>1223</onleft>
					<onright>999</onright>
					<pagecontrol>1223</pagecontrol>
					<control type="button" id="307">
						<!-- Movie Shelf icon type -->
						<include>settings-submenu-common</include>
						<textwidth>1178</textwidth>
						<label>$LOCALIZE[31026]</label>
						<label2>$INFO[Skin.String(shelf-movieimages)]</label2>
						<onclick>SetProperty(Dialog.1.Label,$LOCALIZE[31953])</onclick>
						<onclick>SetProperty(Dialog.1.BuiltIn,Skin.SetString(shelf-movieimages,$LOCALIZE[31953]))</onclick>
						<onclick>SetProperty(Dialog.2.Label,$LOCALIZE[31954])</onclick>
						<onclick>SetProperty(Dialog.2.BuiltIn,Skin.SetString(shelf-movieimages,$LOCALIZE[31954]))</onclick>
						<onclick>SetProperty(Dialog.3.Label,$LOCALIZE[31955])</onclick>
						<onclick>SetProperty(Dialog.3.BuiltIn,Skin.SetString(shelf-movieimages,$LOCALIZE[31955]))</onclick>
						<onclick>RunScript(script.embuary.helper,action=createselect,header=$LOCALIZE[31939] - $LOCALIZE[31026])</onclick>
						<visible>!Skin.HasSetting(homemenu-vertical)</visible>
					</control>
					<control type="button" id="308">
						<!-- TVShow Shelf icon type -->
						<include>settings-submenu-common</include>
						<textwidth>1178</textwidth>
						<label>$LOCALIZE[31027]</label>
						<label2>$INFO[Skin.String(shelf-tvshowimages)]</label2>
						<onclick>SetProperty(Dialog.1.Label,$LOCALIZE[31953])</onclick>
						<onclick>SetProperty(Dialog.1.BuiltIn,Skin.SetString(shelf-tvshowimages,$LOCALIZE[31953]))</onclick>
						<onclick>SetProperty(Dialog.2.Label,$LOCALIZE[31954])</onclick>
						<onclick>SetProperty(Dialog.2.BuiltIn,Skin.SetString(shelf-tvshowimages,$LOCALIZE[31954]))</onclick>
						<onclick>SetProperty(Dialog.3.Label,$LOCALIZE[31955])</onclick>
						<onclick>SetProperty(Dialog.3.BuiltIn,Skin.SetString(shelf-tvshowimages,$LOCALIZE[31955]))</onclick>
						<onclick>RunScript(script.embuary.helper,action=createselect,header=$LOCALIZE[31939] - $LOCALIZE[31027])</onclick>
						<visible>!Skin.HasSetting(homemenu-vertical)</visible>
					</control>
					<control type="group" id="309">
						<visible>!Skin.HasSetting(homemenu-vertical)</visible>
						<height>84</height>
						<width>1328</width>
						<control type="togglebutton" id="310">
							<!-- TVShow Shelf image type -->
							<onup>308</onup>
							<ondown>312</ondown>
							<onright>999</onright>
							<include>settings-submenu-common</include>
							<textwidth>1178</textwidth>
							<label>$INFO[Skin.String(shelf-tvshowimgtyp)]</label>
							<align>right</align>
							<onclick>Skin.SetString(shelf-tvshowimgtyp,$LOCALIZE[31950])</onclick>
							<altclick>Skin.SetString(shelf-tvshowimgtyp,$LOCALIZE[31949])</altclick>
							<enable>String.IsEqual(Skin.String(shelf-tvshowimages),$LOCALIZE[31955]) | String.IsEqual(Skin.String(shelf-tvshowimages),$LOCALIZE[31954])</enable>
						</control>
						<control type="label" id="311">
							<include>settings-submenu-common</include>
							<label> - $LOCALIZE[31940]</label>
							<textoffsetx>27</textoffsetx>
						</control>
					</control>
					<control type="button" id="312">
						<!-- Music Shelf icon type -->
						<include>settings-submenu-common</include>
						<textwidth>1178</textwidth>
						<label>$LOCALIZE[2]</label>
						<label2>$INFO[Skin.String(shelf-musicimages)]</label2>
						<onclick>SetProperty(Dialog.1.Label,$LOCALIZE[31953])</onclick>
						<onclick>SetProperty(Dialog.1.BuiltIn,Skin.SetString(shelf-musicimages,$LOCALIZE[31953]))</onclick>
						<onclick>SetProperty(Dialog.2.Label,$LOCALIZE[31954])</onclick>
						<onclick>SetProperty(Dialog.2.BuiltIn,Skin.SetString(shelf-musicimages,$LOCALIZE[31954]))</onclick>
						<onclick>SetProperty(Dialog.3.Label,$LOCALIZE[31955])</onclick>
						<onclick>SetProperty(Dialog.3.BuiltIn,Skin.SetString(shelf-musicimages,$LOCALIZE[31955]))</onclick>
						<onclick>RunScript(script.embuary.helper,action=createselect,header=$LOCALIZE[31939] - $LOCALIZE[2])</onclick>
						<visible>!Skin.HasSetting(homemenu-vertical)</visible>
					</control>
					<control type="button" id="313">
						<!-- Broadcast Shelf icon type -->
						<include>settings-submenu-common</include>
						<textwidth>1178</textwidth>
						<label>$LOCALIZE[31031]</label>
						<label2>$INFO[Skin.String(shelf-broadcastimages)]</label2>
						<onclick>SetProperty(Dialog.1.Label,$LOCALIZE[31953])</onclick>
						<onclick>SetProperty(Dialog.1.BuiltIn,Skin.SetString(shelf-broadcastimages,$LOCALIZE[31953]))</onclick>
						<onclick>SetProperty(Dialog.2.Label,$LOCALIZE[31956])</onclick>
						<onclick>SetProperty(Dialog.2.BuiltIn,Skin.SetString(shelf-broadcastimages,$LOCALIZE[31956]))</onclick>
						<onclick>SetProperty(Dialog.3.Label,$LOCALIZE[31957])</onclick>
						<onclick>SetProperty(Dialog.3.BuiltIn,Skin.SetString(shelf-broadcastimages,$LOCALIZE[31957]))</onclick>
						<onclick>SetProperty(Dialog.4.Label,$LOCALIZE[31958])</onclick>
						<onclick>SetProperty(Dialog.4.BuiltIn,Skin.SetString(shelf-broadcastimages,$LOCALIZE[31958]))</onclick>
						<onclick>RunScript(script.embuary.helper,action=createselect,header=$LOCALIZE[31939] - $LOCALIZE[31031])</onclick>
						<visible>Skin.HasSetting(homemenu-horizontal)</visible>
					</control>
					<control type="button" id="314">
						<!-- Addon Shelf icon type -->
						<include>settings-submenu-common</include>
						<textwidth>1178</textwidth>
						<label>$LOCALIZE[24001]</label>
						<label2>$INFO[Skin.String(shelf-addonimages)]</label2>
						<onclick>SetProperty(Dialog.1.Label,$LOCALIZE[31953])</onclick>
						<onclick>SetProperty(Dialog.1.BuiltIn,Skin.SetString(shelf-addonimages,$LOCALIZE[31953]))</onclick>
						<onclick>SetProperty(Dialog.2.Label,$LOCALIZE[31954])</onclick>
						<onclick>SetProperty(Dialog.2.BuiltIn,Skin.SetString(shelf-addonimages,$LOCALIZE[31954]))</onclick>
						<onclick>SetProperty(Dialog.3.Label,$LOCALIZE[31959])</onclick>
						<onclick>SetProperty(Dialog.3.BuiltIn,Skin.SetString(shelf-addonimages,$LOCALIZE[31959]))</onclick>
						<onclick>RunScript(script.embuary.helper,action=createselect,header=$LOCALIZE[31939] - $LOCALIZE[24001])</onclick>
						<visible>Skin.HasSetting(homemenu-horizontal)</visible>
					</control>
					<control type="button" id="315">
						<!-- Favourites Shelf icon type -->
						<include>settings-submenu-common</include>
						<textwidth>1178</textwidth>
						<label>$LOCALIZE[1036]</label>
						<label2>$INFO[Skin.String(shelf-customimages)]</label2>
						<onclick>SetProperty(Dialog.1.Label,$LOCALIZE[31953])</onclick>
						<onclick>SetProperty(Dialog.1.BuiltIn,Skin.SetString(shelf-customimages,$LOCALIZE[31953]))</onclick>
						<onclick>SetProperty(Dialog.2.Label,$LOCALIZE[593] $LOCALIZE[1036])</onclick>
						<onclick>SetProperty(Dialog.2.BuiltIn,Skin.SetString(shelf-customimages,$LOCALIZE[593]$LOCALIZE[1036]))</onclick>
						<onclick>SetProperty(Dialog.3.Label,$LOCALIZE[14211] $LOCALIZE[1036])</onclick>
						<onclick>SetProperty(Dialog.3.BuiltIn,Skin.SetString(shelf-customimages,$LOCALIZE[14211]$LOCALIZE[1036]))</onclick>
						<onclick>RunScript(script.embuary.helper,action=createselect,header=$LOCALIZE[31939] - $LOCALIZE[1036])</onclick>
						<visible>Skin.HasSetting(homemenu-horizontal)</visible>
					</control>
					<control type="button" id="317">
						<!-- Reset Above Settings button -->
						<include>settings-submenu-common</include>
						<label>$LOCALIZE[10041]</label>
						<textwidth>1178</textwidth>
						<onclick>Skin.Reset(shelf-movieimages)</onclick>
						<onclick>Skin.Reset(shelf-tvshowimages)</onclick>
						<onclick>Skin.Reset(shelf-tvshowimgtyp)</onclick>
						<onclick>Skin.Reset(shelf-musicimages)</onclick>
						<onclick>Skin.Reset(shelf-addonimages)</onclick>
						<onclick>Skin.Reset(shelf-broadcastimages)</onclick>
						<onclick>Skin.Reset(shelf-addonimages)</onclick>
						<onclick>Skin.Reset(shelf-customimages)</onclick>
					</control>
				</control>
			</control>
			<control type="group" id="400">
				<!-- Home Menu Settings -->
				<visible>Skin.String(skinsettingmenu,custom)</visible>
				<control type="image">
					<!-- Skin Logo -->
					<left>225</left>
					<top>225</top>
					<width>768</width>
					<height>384</height>
					<aspectratio>keep</aspectratio>
					<texture>skin-logo-big.png</texture>
				</control>
			</control>
			<control type="group" id="500">
				<!-- Background Settings -->
				<visible>Skin.String(skinsettingmenu,background)</visible>
				<control type="image">
					<!-- Background Settings Button Image -->
					<left>1410</left>
					<top>492</top>
					<width>480</width>
					<height>84</height>
					<texture border="10">button-default-focus.png</texture>
					<include>settingbutton-fade</include>
					<visible>!ControlGroup(999).HasFocus()</visible>
				</control>
				<!-- Markers for control area items -->
				<include content="page-offscreen-vertical">
					<param name="indicator1left" value="726"/>
					<param name="indicator1top" value="144"/>
					<param name="indicator2left" value="726"/>
					<param name="indicator2top" value="978"/>
					<param name="indicatorsize" value="24"/>
					<param name="indicatorcontainer" value="501"/>
				</include>
				<control type="grouplist" id="501">
					<left>80</left>
					<top>168</top>
					<width>1328</width>
					<height>813</height>
					<itemgap>-3</itemgap>
					<onleft>1223</onleft>
					<onright>999</onright>
					<pagecontrol>1223</pagecontrol>
					<control type="button" id="502">
						<!-- Custom Background Button -->
						<include>settings-submenu-common</include>
						<label>$LOCALIZE[31860]</label>
						<textwidth>1178</textwidth>
						<onclick>Skin.SetImage(background-custom)</onclick>
						<visible>!Skin.String(background-custom)</visible>
					</control>
					<control type="button" id="503">
						<!-- Reset Custom Background Button -->
						<include>settings-submenu-common</include>
						<label>$LOCALIZE[31861]</label>
						<textwidth>1178</textwidth>
						<onclick>Skin.Reset(background-custom)</onclick>
						<visible>Skin.String(background-custom)</visible>
					</control>
					<control type="radiobutton" id="504">
						<!-- Background Fanart Toggle -->
						<include>settings-submenu-common</include>
						<label>$LOCALIZE[31863]</label>
						<textwidth>1125</textwidth>
						<onclick>Skin.ToggleSetting(background-fanarts)</onclick>
						<selected>!Skin.HasSetting(background-fanarts)</selected>
						<radioposx>1266</radioposx>
					</control>
					<control type="radiobutton" id="505">
						<!-- Background ExtraFanart Toggle -->
						<include>settings-submenu-common</include>
						<label>$LOCALIZE[31864]</label>
						<textwidth>1125</textwidth>
						<onclick>Skin.ToggleSetting(background-extrafanarts)</onclick>
						<selected>Skin.HasSetting(background-extrafanarts)</selected>
						<enable>!Skin.HasSetting(background-fanarts)</enable>
						<radioposx>1266</radioposx>
					</control>
					<control type="radiobutton" id="506">
						<!-- Media In Background Toggle -->
						<include>settings-submenu-common</include>
						<label>$LOCALIZE[31862]</label>
						<textwidth>1125</textwidth>
						<onclick>Skin.ToggleSetting(background-playingmedia)</onclick>
						<selected>Skin.HasSetting(background-playingmedia)</selected>
						<radioposx>1266</radioposx>
					</control>
					<control type="radiobutton" id="507">
						<!-- Background Artistslideshow Toggle -->
						<include>settings-submenu-common</include>
						<label>$LOCALIZE[31865]</label>
						<textwidth>1125</textwidth>
						<onclick>Skin.ToggleSetting(background-slideshow)</onclick>
						<selected>Skin.HasSetting(background-slideshow)</selected>
						<enable>System.HasAddon(script.artistslideshow)</enable>
						<radioposx>1266</radioposx>
					</control>
					<control type="button" id="510">
						<!-- Background Visibilty -->
						<include>settings-submenu-common</include>
						<textwidth>1178</textwidth>
						<label>$LOCALIZE[31868]</label>
						<label2>$VAR[BackgroundVisibilty]</label2>
						<onclick>SetProperty(Dialog.1.Label,$LOCALIZE[391])</onclick>
						<onclick>SetProperty(Dialog.1.BuiltIn,Skin.Reset(background-visibiltyhigh)||Skin.Reset(background-visibiltymed))</onclick>
						<onclick>SetProperty(Dialog.2.Label,$LOCALIZE[392])</onclick>
						<onclick>SetProperty(Dialog.2.BuiltIn,Skin.SetBool(background-visibiltymed)||Skin.Reset(background-visibiltyhigh))</onclick>
						<onclick>SetProperty(Dialog.3.Label,$LOCALIZE[393])</onclick>
						<onclick>SetProperty(Dialog.3.BuiltIn,Skin.SetBool(background-visibiltyhigh)||Skin.Reset(background-visibiltymed))</onclick>
						<onclick>RunScript(script.embuary.helper,action=createselect,header=$LOCALIZE[31868])</onclick>
					</control>
					<control type="button" id="514">
						<!-- Reset Above Settings button -->
						<include>settings-submenu-common</include>
						<label>$LOCALIZE[10041]</label>
						<textwidth>1178</textwidth>
						<onclick>Skin.Reset(background-custom)</onclick>
						<onclick>Skin.Reset(background-fanarts)</onclick>
						<onclick>Skin.Reset(background-extrafanart)</onclick>
						<onclick>Skin.Reset(background-playingmedia)</onclick>
						<onclick>Skin.Reset(background-slideshow)</onclick>
						<onclick>Skin.Reset(background-visibiltymed)</onclick>
						<onclick>Skin.Reset(background-visibiltyhigh)</onclick>
					</control>
				</control>
			</control>
			<control type="group" id="600">
				<!-- Media Entry Points Settings -->
				<visible>Skin.String(skinsettingmenu,sources)</visible>
				<control type="image">
					<!-- Media Entry Points Settings Button Image -->
					<left>1410</left>
					<top>573</top>
					<width>480</width>
					<height>84</height>
					<texture border="9">button-default-focus.png</texture>
					<include>settingbutton-fade</include>
					<visible>!ControlGroup(999).HasFocus()</visible>
				</control>
				<!-- Markers for control area items -->
				<include content="page-offscreen-vertical">
					<param name="indicator1left" value="726"/>
					<param name="indicator1top" value="144"/>
					<param name="indicator2left" value="726"/>
					<param name="indicator2top" value="978"/>
					<param name="indicatorsize" value="24"/>
					<param name="indicatorcontainer" value="601"/>
				</include>
				<control type="grouplist" id="601">
					<left>80</left>
					<top>168</top>
					<width>1328</width>
					<height>813</height>
					<itemgap>-3</itemgap>
					<onleft>1223</onleft>
					<onright>999</onright>
					<pagecontrol>1223</pagecontrol>
					<control type="button" id="602">
						<!-- Set Movie library entry point -->
						<include>settings-submenu-common</include>
						<textwidth>1178</textwidth>
						<label>$LOCALIZE[31920]</label>
						<label2>$INFO[Skin.String(libraryentry-movie)]</label2>
						<onclick>RunScript(script.skin.helper.service,action=setskinsetting,setting=libraryentry-movie-val,header=$LOCALIZE[31920])</onclick>
					</control>
					<control type="button" id="603">
						<!-- Set TVShow library entry point -->
						<include>settings-submenu-common</include>
						<textwidth>1178</textwidth>
						<label>$LOCALIZE[31921]</label>
						<label2>$INFO[Skin.String(libraryentry-tvshow)]</label2>
						<onclick>RunScript(script.skin.helper.service,action=setskinsetting,setting=libraryentry-tvshow-val,header=$LOCALIZE[31921])</onclick>
					</control>
					<control type="button" id="604">
						<!-- Set Music Video library entry point -->
						<include>settings-submenu-common</include>
						<textwidth>1178</textwidth>
						<label>$LOCALIZE[31922]</label>
						<label2>$INFO[Skin.String(libraryentry-musicvideo)]</label2>
						<onclick>RunScript(script.skin.helper.service,action=setskinsetting,setting=libraryentry-musicvideo-val,header=$LOCALIZE[31922])</onclick>
					</control>
					<control type="button" id="605">
						<!-- Set Music library entry point -->
						<include>settings-submenu-common</include>
						<textwidth>1178</textwidth>
						<label>$LOCALIZE[31923]</label>
						<label2>$INFO[Skin.String(libraryentry-music)]</label2>
						<onclick>RunScript(script.skin.helper.service,action=setskinsetting,setting=libraryentry-music-val,header=$LOCALIZE[31923])</onclick>
					</control>
					<control type="button" id="606">
						<!-- Set TV library entry point -->
						<include>settings-submenu-common</include>
						<textwidth>1178</textwidth>
						<label>$LOCALIZE[31924]</label>
						<label2>$INFO[Skin.String(libraryentry-tv)]</label2>
						<onclick>SetProperty(Dialog.1.Label,$LOCALIZE[20108])</onclick>
						<onclick>SetProperty(Dialog.1.BuiltIn,Skin.SetString(libraryentry-tv,$LOCALIZE[20108]))</onclick>
						<onclick>SetProperty(Dialog.2.Label,$LOCALIZE[31703])</onclick>
						<onclick>SetProperty(Dialog.2.BuiltIn,Skin.SetString(libraryentry-tv,$LOCALIZE[31703]))</onclick>
						<onclick>SetProperty(Dialog.3.Label,$LOCALIZE[19024])</onclick>
						<onclick>SetProperty(Dialog.3.BuiltIn,Skin.SetString(libraryentry-tv,$LOCALIZE[19023]))</onclick>
						<onclick>SetProperty(Dialog.4.Label,$LOCALIZE[19069])</onclick>
						<onclick>SetProperty(Dialog.4.BuiltIn,Skin.SetString(libraryentry-tv,$LOCALIZE[19069]))</onclick>
						<onclick>SetProperty(Dialog.5.Label,$LOCALIZE[19163])</onclick>
						<onclick>SetProperty(Dialog.5.BuiltIn,Skin.SetString(libraryentry-tv,$LOCALIZE[19163]))</onclick>
						<onclick>SetProperty(Dialog.6.Label,$LOCALIZE[19040])</onclick>
						<onclick>SetProperty(Dialog.6.BuiltIn,Skin.SetString(libraryentry-tv,$LOCALIZE[19040]))</onclick>
						<onclick>SetProperty(Dialog.7.Label,$LOCALIZE[137])</onclick>
						<onclick>SetProperty(Dialog.7.BuiltIn,Skin.SetString(libraryentry-tv,$LOCALIZE[137]))</onclick>
						<onclick condition="System.HasAddon(script.favourites)">SetProperty(Dialog.8.Label,$LOCALIZE[31652])</onclick>
						<onclick condition="System.HasAddon(script.favourites)">SetProperty(Dialog.8.BuiltIn,Skin.SetString(libraryentry-tv,$LOCALIZE[31652])||RunScript(script.favourites,changetitle=false&amp;property=CustomTVEntry))</onclick>
						<onclick>RunScript(script.embuary.helper,action=createselect,header=$LOCALIZE[31924])</onclick>
						<enable>Pvr.HasTVChannels</enable>
					</control>
					<control type="button" id="607">
						<!-- Set Radio library entry point -->
						<include>settings-submenu-common</include>
						<textwidth>1178</textwidth>
						<label>$LOCALIZE[31925]</label>
						<label2>$INFO[Skin.String(libraryentry-radio)]</label2>
						<onclick>SetProperty(Dialog.1.Label,$LOCALIZE[20108])</onclick>
						<onclick>SetProperty(Dialog.1.BuiltIn,Skin.SetString(libraryentry-radio,$LOCALIZE[20108]))</onclick>
						<onclick>SetProperty(Dialog.2.Label,$LOCALIZE[31703])</onclick>
						<onclick>SetProperty(Dialog.2.BuiltIn,Skin.SetString(libraryentry-radio,$LOCALIZE[31703]))</onclick>
						<onclick>SetProperty(Dialog.3.Label,$LOCALIZE[19024])</onclick>
						<onclick>SetProperty(Dialog.3.BuiltIn,Skin.SetString(libraryentry-radio,$LOCALIZE[19024]))</onclick>
						<onclick>SetProperty(Dialog.4.Label,$LOCALIZE[19069])</onclick>
						<onclick>SetProperty(Dialog.4.BuiltIn,Skin.SetString(libraryentry-radio,$LOCALIZE[19069]))</onclick>
						<onclick>SetProperty(Dialog.5.Label,$LOCALIZE[19163])</onclick>
						<onclick>SetProperty(Dialog.5.BuiltIn,Skin.SetString(libraryentry-radio,$LOCALIZE[19163]))</onclick>
						<onclick>SetProperty(Dialog.6.Label,$LOCALIZE[19040])</onclick>
						<onclick>SetProperty(Dialog.6.BuiltIn,Skin.SetString(libraryentry-radio,$LOCALIZE[19040]))</onclick>
						<onclick>SetProperty(Dialog.7.Label,$LOCALIZE[137])</onclick>
						<onclick>SetProperty(Dialog.7.BuiltIn,Skin.SetString(libraryentry-radio,$LOCALIZE[137]))</onclick>
						<onclick condition="System.HasAddon(script.favourites)">SetProperty(Dialog.8.Label,$LOCALIZE[31652])</onclick>
						<onclick condition="System.HasAddon(script.favourites)">SetProperty(Dialog.8.BuiltIn,Skin.SetString(libraryentry-radio,$LOCALIZE[31652])||RunScript(script.favourites,changetitle=false&amp;property=CustomRadioEntry))</onclick>
						<onclick>RunScript(script.embuary.helper,action=createselect,header=$LOCALIZE[31925])</onclick>
						<enable>Pvr.HasRadioChannels</enable>
					</control>
					<control type="button" id="608">
						<!-- Reset Above Settings button -->
						<include>settings-submenu-common</include>
						<label>$LOCALIZE[10041]</label>
						<textwidth>1178</textwidth>
						<onclick>Skin.Reset(libraryentry-movie)</onclick>
						<onclick>Skin.Reset(libraryentry-tvshow)</onclick>
						<onclick>Skin.Reset(libraryentry-musicvideo)</onclick>
						<onclick>Skin.Reset(libraryentry-music)</onclick>
						<onclick>Skin.Reset(libraryentry-tv)</onclick>
						<onclick>Skin.Reset(libraryentry-radio)</onclick>
					</control>
				</control>
			</control>
			<control type="group" id="700">
				<!-- Supported Addons Settings -->
				<visible>Skin.String(skinsettingmenu,addons)</visible>
				<control type="image">
					<!-- Media Entry Points Settings Button Image -->
					<left>1410</left>
					<top>654</top>
					<width>480</width>
					<height>84</height>
					<texture border="9">button-default-focus.png</texture>
					<include>settingbutton-fade</include>
					<visible>!ControlGroup(999).HasFocus()</visible>
				</control>
				<!-- Markers for control area items -->
				<include content="page-offscreen-vertical">
					<param name="indicator1left" value="726"/>
					<param name="indicator1top" value="144"/>
					<param name="indicator2left" value="726"/>
					<param name="indicator2top" value="978"/>
					<param name="indicatorsize" value="24"/>
					<param name="indicatorcontainer" value="701"/>
				</include>
				<control type="grouplist" id="701">
					<left>80</left>
					<top>168</top>
					<width>1328</width>
					<height>813</height>
					<itemgap>-3</itemgap>
					<onleft>1223</onleft>
					<onright>999</onright>
					<pagecontrol>1223</pagecontrol>
					<control type="group" id="702">
						<height>84</height>
						<width>1328</width>
						<control type="togglebutton" id="703">
							<!-- Artist slideshow script install/config -->
							<onup>718</onup>
							<ondown>707</ondown>
							<onright>999</onright>
							<include>settings-submenu-common</include>
							<textwidth>1178</textwidth>
							<label>$LOCALIZE[24020]</label>
							<altlabel>$LOCALIZE[24038]</altlabel>
							<align>right</align>
							<onclick>Addon.OpenSettings(script.artistslideshow)</onclick>
							<altclick>RunScript(script.embuary.helper,action=toggleaddons,addonid=script.artistslideshow,enable=true)</altclick>
							<altclick condition="!System.HasAddon(script.artistslideshow)">InstallAddon(script.artistslideshow)</altclick>
							<usealttexture>!System.HasAddon(script.artistslideshow)</usealttexture>
						</control>
						<control type="label">
							<include>settings-submenu-common</include>
							<label>$LOCALIZE[31590]</label>
							<textoffsetx>27</textoffsetx>
						</control>
					</control>
					<control type="group" id="706">
						<height>84</height>
						<width>1328</width>
						<control type="togglebutton" id="707">
							<!-- Autocompletion text script install/config -->
							<onup>703</onup>
							<ondown>709</ondown>
							<onright>999</onright>
							<include>settings-submenu-common</include>
							<textwidth>1178</textwidth>
							<label>$LOCALIZE[24020]</label>
							<altlabel>$LOCALIZE[24038]</altlabel>
							<align>right</align>
							<onclick>Addon.OpenSettings(plugin.program.autocompletion)</onclick>
							<altclick>RunScript(script.embuary.helper,action=toggleaddons,addonid=plugin.program.autocompletion,enable=true)</altclick>
							<altclick condition="!System.HasAddon(plugin.program.autocompletion)">InstallAddon(plugin.program.autocompletion)</altclick>
							<usealttexture>!System.HasAddon(plugin.program.autocompletion)</usealttexture>
						</control>
						<control type="label">
							<include>settings-submenu-common</include>
							<label>$LOCALIZE[31592]</label>
							<textoffsetx>27</textoffsetx>
						</control>
					</control>
					<control type="group" id="708">
						<height>84</height>
						<width>1328</width>
						<control type="togglebutton" id="709">
							<!-- CU lrclyrics script install/config -->
							<onup>707</onup>
							<ondown>711</ondown>
							<onright>999</onright>
							<include>settings-submenu-common</include>
							<textwidth>1178</textwidth>
							<label>$LOCALIZE[24020]</label>
							<altlabel>$LOCALIZE[24038]</altlabel>
							<align>right</align>
							<onclick>Addon.OpenSettings(script.cu.lrclyrics)</onclick>
							<altclick>RunScript(script.embuary.helper,action=toggleaddons,addonid=script.cu.lrclyrics,enable=true)</altclick>
							<altclick condition="!System.HasAddon(script.cu.lrclyrics)">InstallAddon(script.cu.lrclyrics)</altclick>
							<usealttexture>!System.HasAddon(script.cu.lrclyrics)</usealttexture>
						</control>
						<control type="label">
							<include>settings-submenu-common</include>
							<label>$LOCALIZE[31591]</label>
							<textoffsetx>27</textoffsetx>
						</control>
					</control>
					<control type="group" id="710">
						<height>84</height>
						<width>1328</width>
						<control type="togglebutton" id="711">
							<!-- Global search script install/config -->
							<onup>709</onup>
							<ondown>713</ondown>
							<onright>999</onright>
							<include>settings-submenu-common</include>
							<textwidth>1178</textwidth>
							<label>$LOCALIZE[24020]</label>
							<altlabel>$LOCALIZE[24038]</altlabel>
							<align>right</align>
							<onclick>Addon.OpenSettings(script.globalsearch)</onclick>
							<altclick>RunScript(script.embuary.helper,action=toggleaddons,addonid=script.globalsearch,enable=true)</altclick>
							<altclick condition="!System.HasAddon(script.globalsearch)">InstallAddon(script.globalsearch)</altclick>
							<usealttexture>!System.HasAddon(script.globalsearch)</usealttexture>
						</control>
						<control type="label">
							<include>settings-submenu-common</include>
							<label>$LOCALIZE[31594]</label>
							<textoffsetx>27</textoffsetx>
						</control>
					</control>
					<control type="group" id="712">
						<height>84</height>
						<width>1328</width>
						<control type="togglebutton" id="713">
							<!-- Resource downloader script install/config -->
							<onup>711</onup>
							<ondown>715</ondown>
							<onright>999</onright>
							<include>settings-submenu-common</include>
							<textwidth>1178</textwidth>
							<label>$LOCALIZE[24084]</label>
							<altlabel>$LOCALIZE[24038]</altlabel>
							<align>right</align>
							<onclick>noop</onclick>
							<altclick>RunScript(script.embuary.helper,action=toggleaddons,addonid=script.image.resource.select,enable=true)</altclick>
							<altclick condition="!System.HasAddon(script.image.resource.select)">InstallAddon(script.image.resource.select)</altclick>
							<usealttexture>!System.HasAddon(script.image.resource.select)</usealttexture>
						</control>
						<control type="label">
							<include>settings-submenu-common</include>
							<label>$LOCALIZE[31595]</label>
							<textoffsetx>27</textoffsetx>
						</control>
					</control>
					<control type="group" id="714">
						<height>84</height>
						<width>1328</width>
						<control type="togglebutton" id="715">
							<!-- Upnext service script install/config -->
							<onup>713</onup>
							<ondown>717</ondown>
							<onright>999</onright>
							<include>settings-submenu-common</include>
							<textwidth>1178</textwidth>
							<label>$LOCALIZE[24020]</label>
							<altlabel>$LOCALIZE[24038]</altlabel>
							<align>right</align>
							<onclick>Addon.OpenSettings(service.upnext)</onclick>
							<altclick>RunScript(script.embuary.helper,action=toggleaddons,addonid=service.upnext,enable=true)</altclick>
							<altclick condition="!System.HasAddon(service.upnext)">InstallAddon(service.upnext)</altclick>
							<usealttexture>!System.HasAddon(service.upnext)</usealttexture>
						</control>
						<control type="label">
							<include>settings-submenu-common</include>
							<label>$ADDON[service.upnext 30045]</label>
							<textoffsetx>27</textoffsetx>
						</control>
					</control>
					<control type="group" id="716">
						<height>84</height>
						<width>1328</width>
						<control type="togglebutton" id="717">
							<!-- Next aired TVShows script install/config -->
							<onup>715</onup>
							<ondown>718</ondown>
							<onright>999</onright>
							<include>settings-submenu-common</include>
							<textwidth>1178</textwidth>
							<label>$LOCALIZE[24020]</label>
							<altlabel>$LOCALIZE[24038]</altlabel>
							<align>right</align>
							<onclick>Addon.OpenSettings(script.tv.show.next.aired)</onclick>
							<altclick>RunScript(script.embuary.helper,action=toggleaddons,addonid=script.tv.show.next.aired,enable=true)</altclick>
							<altclick condition="!System.HasAddon(script.tv.show.next.aired)">InstallAddon(script.tv.show.next.aired)</altclick>
							<usealttexture>!System.HasAddon(script.tv.show.next.aired)</usealttexture>
						</control>
						<control type="label">
							<include>settings-submenu-common</include>
							<label>$ADDON[script.tv.show.next.aired 32101]</label>
							<textoffsetx>27</textoffsetx>
						</control>
					</control>
					<control type="group" id="718">
						<height>84</height>
						<width>1328</width>
						<control type="togglebutton" id="719">
							<!-- Extended Info script install/config -->
							<onup>715</onup>
							<ondown>702</ondown>
							<onright>999</onright>
							<include>settings-submenu-common</include>
							<textwidth>1178</textwidth>
							<label>$LOCALIZE[24020]</label>
							<altlabel>$LOCALIZE[24038]</altlabel>
							<align>right</align>
							<onclick>Addon.OpenSettings(script.extendedinfo)</onclick>
							<altclick>RunScript(script.embuary.helper,action=toggleaddons,addonid=script.extendedinfo,enable=true)</altclick>
							<altclick condition="!System.HasAddon(script.extendedinfo)">InstallAddon(script.extendedinfo)</altclick>
							<usealttexture>!System.HasAddon(script.extendedinfo)</usealttexture>
						</control>
						<control type="label">
							<include>settings-submenu-common</include>
							<label>$LOCALIZE[31598]</label>
							<textoffsetx>27</textoffsetx>
						</control>
					</control>
				</control>
			</control>
			<control type="group" id="800">
				<!-- Support Settings -->
				<visible>Skin.String(skinsettingmenu,support)</visible>
				<control type="image">
					<!-- Support Settings Button Image -->
					<left>1410</left>
					<top>735</top>
					<width>480</width>
					<height>84</height>
					<texture border="9">button-default-focus.png</texture>
					<include>settingbutton-fade</include>
					<visible>!ControlGroup(999).HasFocus()</visible>
				</control>
				<!-- Markers for control area items -->
				<include content="page-offscreen-vertical">
					<param name="indicator1left" value="726"/>
					<param name="indicator1top" value="144"/>
					<param name="indicator2left" value="726"/>
					<param name="indicator2top" value="978"/>
					<param name="indicatorsize" value="24"/>
					<param name="indicatorcontainer" value="801"/>
				</include>
				<control type="grouplist" id="801">
					<left>80</left>
					<top>168</top>
					<width>1328</width>
					<height>810</height>
					<itemgap>-3</itemgap>
					<onleft>1223</onleft>
					<onright>999</onright>
					<pagecontrol>1223</pagecontrol>
					<control type="radiobutton" id="802">
						<!-- System Debug toggle -->
						<include>settings-submenu-common</include>
						<label>$LOCALIZE[20191]</label>
						<textwidth>1125</textwidth>
						<onclick>ToggleDebug</onclick>
						<selected>System.GetBool(debug.showloginfo)</selected>
						<radioposx>1266</radioposx>
					</control>
					<control type="button" id="803">
						<!-- Kodi Log Uploader Script -->
						<include>settings-submenu-common</include>
						<label>$LOCALIZE[31930]</label>
						<textwidth>1125</textwidth>
						<onclick condition="!System.HasAddon(script.kodi.loguploader)">InstallAddon(script.kodi.loguploader)</onclick>
						<onclick condition="System.HasAddon(script.kodi.loguploader)">RunScript(script.kodi.loguploader)</onclick>
						<enable>System.GetBool(debug.showloginfo)</enable>
					</control>
					<control type="radiobutton" id="805">
						<!-- Show skin debug grid toggle -->
						<include>settings-submenu-common</include>
						<label>$LOCALIZE[31933]</label>
						<textwidth>1125</textwidth>
						<onclick>Skin.ToggleSetting(debug-grid)</onclick>
						<selected>Skin.HasSetting(debug-grid)</selected>
						<radioposx>1266</radioposx>
					</control>
					<control type="radiobutton" id="806">
						<!-- Show Skin Debug Info toggle -->
						<include>settings-submenu-common</include>
						<label>$LOCALIZE[31934]</label>
						<textwidth>1125</textwidth>
						<onclick>Skin.ToggleSetting(debug-info)</onclick>
						<selected>Skin.HasSetting(debug-info)</selected>
						<radioposx>1266</radioposx>
					</control>
					<control type="button" id="808">
						<!-- Backup skin settings -->
						<include>settings-submenu-common</include>
						<label>$LOCALIZE[31980]</label>
						<textwidth>1125</textwidth>
						<onclick condition="!System.HasAddon(script.skin.helper.skinbackup)">InstallAddon(script.skin.helper.skinbackup)</onclick>
						<onclick condition="System.HasAddon(script.skin.helper.skinbackup)">RunScript(script.skin.helper.skinbackup,action=backup)</onclick>
					</control>
					<control type="button" id="809">
						<!-- Restore skin settings -->
						<include>settings-submenu-common</include>
						<label>$LOCALIZE[31981]</label>
						<textwidth>1125</textwidth>
						<onclick condition="!System.HasAddon(script.skin.helper.skinbackup)">InstallAddon(script.skin.helper.skinbackup)</onclick>
						<onclick condition="System.HasAddon(script.skin.helper.skinbackup)">RunScript(script.skin.helper.skinbackup,action=restore)</onclick>
					</control>
					<control type="button" id="810">
						<!-- Reset skin settings to defaults -->
						<include>settings-submenu-common</include>
						<label>$LOCALIZE[31935]</label>
						<textwidth>1178</textwidth>
						<onclick>Skin.ResetSettings</onclick>
						<onclick>ReplaceWindow(skinsettings)</onclick>
					</control>
				</control>
			</control>
		</control>
		<control type="textbox">
			<!-- Settings description area -->
			<left>15</left>
			<top>999</top>
			<width>1890</width>
			<height>75</height>
			<font>apptv20</font>
			<align>center</align>
			<label>$VAR[SkinSettingHelp]</label>
		</control>
	</controls>
</window>