<?xml version="1.0" encoding="utf-8"?>
<includes>
	<include name="ListView">
		<control type="fixedlist" id="50">
			<viewtype label="31941">list</viewtype>
			<left>1002</left>
			<top>174</top>
			<width>862</width>
			<height>792</height>
			<focusposition>2</focusposition>
			<movement>4</movement>
			<onleft condition="Skin.HasSetting(lock-screensettings)">noop</onleft>
			<onleft condition="!Skin.HasSetting(lock-screensettings)">9000</onleft>
			<onright condition="String.IsEqual(Skin.String(show-scrollbar),$LOCALIZE[31877])">noop</onright>
			<onright condition="!String.IsEqual(Skin.String(show-scrollbar),$LOCALIZE[31877])">1250</onright>
			<onup>Control.SetFocus(80001,$INFO[Container(50).Position])</onup>
			<ondown>50</ondown>
			<preloaditems>4</preloaditems>
			<pagecontrol>1250</pagecontrol>
			<itemlayout width="862" height="99">
				<control type="image">
					<!-- Button unfocus -->
					<left>9</left>
					<top>0</top>
					<width>844</width>
					<height>99</height>
					<texture border="9">button-default.png</texture>
					<aspectratio>stretch</aspectratio>
				</control>
				<control type="label">
					<left>69</left>
					<top>24</top>
					<width>759</width>
					<height>34</height>
					<font>ctouch23</font>
					<label>$INFO[ListItem.Label]</label>
					<visible>String.IsEmpty(ListItem.Label2)</visible>
				</control>
				<control type="group">
					<visible>!String.IsEmpty(ListItem.Label2)</visible>
					<control type="label">
						<left>69</left>
						<top>12</top>
						<width>759</width>
						<height>34</height>
						<font>ctouch22</font>
						<label>$INFO[ListItem.Label]</label>
					</control>
					<control type="label">
						<left>69</left>
						<top>48</top>
						<width>759</width>
						<height>34</height>
						<font>ctouch22</font>
						<textcolor>disabled-text</textcolor>
						<label>$INFO[ListItem.Label2]</label>
					</control>
				</control>
			</itemlayout>
			<focusedlayout width="862" height="99">
				<control type="image">
					<!-- Button focus -->
					<left>9</left>
					<top>0</top>
					<width>844</width>
					<height>99</height>
					<texture border="9">button-default-focus.png</texture>
					<aspectratio>stretch</aspectratio>
				</control>
				<control type="label">
					<left>69</left>
					<top>24</top>
					<width>759</width>
					<height>34</height>
					<font>ctouch23</font>
					<label>$INFO[ListItem.Label]</label>
					<visible>String.IsEmpty(ListItem.Label2)</visible>
				</control>
				<control type="group">
					<visible>!String.IsEmpty(ListItem.Label2)</visible>
					<control type="label">
						<left>69</left>
						<top>12</top>
						<width>759</width>
						<height>34</height>
						<font>ctouch22</font>
						<label>$INFO[ListItem.Label]</label>
					</control>
					<control type="label">
						<left>69</left>
						<top>48</top>
						<width>759</width>
						<height>34</height>
						<font>ctouch22</font>
						<textcolor>disabled-text</textcolor>
						<label>$INFO[ListItem.Label2]</label>
					</control>
				</control>
			</focusedlayout>
		</control>
		<control type="group">
			<visible>Control.IsVisible(50)</visible>
			<control type="group">
				<visible>![Window.IsVisible(videoplaylist) | Window.IsVisible(musicplaylist)]</visible>
				<animation type="TYPE" condition="Skin.HasSetting(tiltmisclisticon)" reversible="false">
					<effect type="rotatey" start="-25" end="-25" />
					<effect type="slide" end="22,0" />
					<effect type="zoom" start="100" end="114" center="auto" tween="back" easing="out" />
				</animation>
				<control type="group">
					<visible>!Container.Content(addons)</visible>
					<control type="image">
						<left>212</left>
						<top>175</top>
						<width>512</width>
						<height>512</height>
						<texture background="true" diffuse="mask-squ.png">$INFO[ListItem.Icon]</texture>
						<aspectratio scalediffuse="false">keep</aspectratio>
					</control>
				</control>
				<control type="group">
					<visible>Container.Content(addons)</visible>
					<control type="group">
						<visible>!String.StartsWith(ListItem.Icon,DefaultFolder.png)</visible>
						<control type="image">
							<left>212</left>
							<top>175</top>
							<width>512</width>
							<height>512</height>
							<texture background="true" fallback="DefaultAddon.png" diffuse="mask-squ.png">$INFO[ListItem.Icon]</texture>
							<aspectratio>keep</aspectratio>
						</control>
						<control type="textbox">
							<!-- Addon description -->
							<left>30</left>
							<top>730</top>
							<width>954</width>
							<height>288</height>
							<label>$INFO[ListItem.AddonDescription]</label>
							<font>ctouch20</font>
							<align>justify</align>
							<visible>!String.IsEmpty(ListItem.AddonDescription)</visible>
						</control>
						<control type="textbox">
							<!-- Addon summary (Show if no description available)-->
							<left>30</left>
							<top>730</top>
							<width>954</width>
							<height>288</height>
							<label>$INFO[ListItem.AddonSummary]</label>
							<font>ctouch20</font>
							<align>justify</align>
							<visible>String.IsEmpty(ListItem.AddonDescription)</visible>
						</control>
					</control>
					<control type="group">
						<visible>String.StartsWith(ListItem.Icon,DefaultFolder.png)</visible>
						<control type="image">
							<left>212</left>
							<top>175</top>
							<width>512</width>
							<height>512</height>
							<texture background="true">DefaultAddon.png</texture>
							<aspectratio>keep</aspectratio>
						</control>
					</control>
				</control>
			</control>
			<control type="group">
				<include>sortletternotification</include>
				<control type="scrollbar" id="1250">
					<left>1878</left>
					<top>168</top>
					<width>18</width>
					<height>832</height>
					<onleft>50</onleft>
					<animation condition="!Control.HasFocus(1250) + !Container.Scrolling + !String.IsEqual(Skin.String(show-scrollbar),$LOCALIZE[31875])" effect="fade" start="100" end="0" time="200" reversible="true">Conditional</animation>
					<visible>$EXP[isEnabledScrollbar]</visible>
				</control>
			</control>
		</control>
	</include>
	<include name="IconView">
		<control type="panel" id="52">
			<left>40</left>
			<top>160</top>
			<width>1850</width>
			<height>950</height>
			<onleft condition="Skin.HasSetting(lock-screensettings)">noop</onleft>
			<onleft condition="!Skin.HasSetting(lock-screensettings)">9000</onleft>
			<onright condition="String.IsEqual(Skin.String(show-scrollbar),$LOCALIZE[31877])">noop</onright>
			<onright condition="!String.IsEqual(Skin.String(show-scrollbar),$LOCALIZE[31877])">1252</onright>
			<onup>Control.SetFocus(80001,$INFO[Container(52).Position])</onup>
			<ondown>52</ondown>
			<viewtype label="31943">icon</viewtype>
			<pagecontrol>1252</pagecontrol>
			<itemlayout height="450" width="300">
				<control type="image">
					<left>0</left>
					<top>0</top>
					<width>270</width>
					<height>340</height>
					<texture diffuse="mask-squ.png" background="true">$INFO[ListItem.Icon]</texture>
					<align>center</align>
					<aspectratio>keep</aspectratio>
				</control>
				<control type="image">
					<left>198</left>
					<top>135</top>
					<width>74</width>
					<height>52</height>
					<texture>$INFO[ListItem.Overlay]</texture>
				</control>
				<control type="textbox">
					<left>0</left>
					<top>350</top>
					<width>270</width>
					<height>75</height>
					<font>ctouch20</font>
					<label>$INFO[ListItem.Label]</label>
					<align>center</align>
					<autoscroll time="2000" delay="3000" repeat="6000">Skin.HasSetting(text-autoscroll) + !System.ScreenSaverActive</autoscroll>
					<visible>!Container().Scrolling</visible>
				</control>				
			</itemlayout>
			<focusedlayout height="450" width="300">
				<control type="image">
					<left>0</left>
					<top>0</top>
					<width>270</width>
					<height>340</height>
					<texture diffuse="mask-squ.png" background="true">$INFO[ListItem.Icon]</texture>
					<aspectratio>keep</aspectratio>
					<texture background="true" fallback="DefaultVideo.png">$VAR[IconPoster]</texture>					
					<animation effect="zoom" start="100" end="124" center="auto" time="600" tween="back" easing="out" reversible="false">focus</animation>
					<visible>$EXP[isDefaultIcon]</visible>
				</control>
				<control type="image">
					<left>0</left>
					<top>0</top>
					<width>270</width>
					<height>340</height>
					<texture background="true" diffuse="mask-squ.png">$INFO[ListItem.Icon]</texture>
					<bordertexture border="10">mask-hilitesqu.png</bordertexture>
					<bordersize>10</bordersize>
					<aspectratio scalediffuse="false">keep</aspectratio>
					<animation effect="zoom" start="100" end="124" center="auto" time="600" tween="back" easing="out" reversible="false">focus</animation>
					<visible>$EXP[isnotDefaultIcon]</visible>
				</control>
				<control type="image">
					<left>212</left>
					<top>140</top>
					<width>74</width>
					<height>52</height>
					<texture>$INFO[ListItem.Overlay]</texture>
				</control>
				<control type="textbox">
					<left>0</left>
					<top>350</top>
					<width>270</width>
					<height>75</height>
					<font>ctouch20</font>
					<label>$INFO[ListItem.Label]</label>
					<align>center</align>
					<autoscroll time="2000" delay="3000" repeat="6000">Skin.HasSetting(text-autoscroll) + !System.ScreenSaverActive</autoscroll>
					<visible>!Container().Scrolling</visible>
				</control>
			</focusedlayout>
		</control>
		<control type="scrollbar" id="1252">
			<left>1890</left>
			<top>153</top>
			<width>18</width>
			<height>790</height>
			<onleft>52</onleft>
			<animation condition="!Control.HasFocus(1252) + !Container.Scrolling + !String.IsEqual(Skin.String(show-scrollbar),$LOCALIZE[31875])" effect="fade" start="100" end="0" time="200" reversible="true">Conditional</animation>
			<visible>$EXP[isEnabledScrollbar] + Control.IsVisible(52)</visible>
		</control>
	</include>
	<include name="WrapView">
		<control type="wraplist" id="54">
			<viewtype label="31942">wrap</viewtype>
			<left>39</left>
			<top>330</top>
			<width>1824</width>
			<height>675</height>
			<onleft>54</onleft>
			<onright>54</onright>
			<onup>Control.SetFocus(80001,$INFO[Container(54).Position])</onup>
			<ondown condition="String.IsEqual(Skin.String(show-scrollbar),$LOCALIZE[31877])">54</ondown>
			<ondown condition="!String.IsEqual(Skin.String(show-scrollbar),$LOCALIZE[31877])">1254</ondown>
			<focusposition>0</focusposition>
			<orientation>horizontal</orientation>
			<preloaditems>4</preloaditems>
			<scrolltime>0</scrolltime>
			<pagecontrol>1254</pagecontrol>
			<itemlayout height="264" width="264">
				<control type="image">
					<left>12</left>
					<top>318</top>
					<width>240</width>
					<height>240</height>
					<aspectratio aligny="bottom">keep</aspectratio>
					<texture background="true" diffuse="mask-squ.png">$INFO[ListItem.Icon]</texture>
					<colordiffuse>UnFocusedCovers</colordiffuse>
				</control>
			</itemlayout>
			<focusedlayout height="504" width="504">
				<control type="image">
					<left>12</left>
					<top>78</top>
					<width>480</width>
					<height>480</height>
					<aspectratio aligny="bottom">keep</aspectratio>
					<texture background="true" diffuse="mask-squ.png">$INFO[ListItem.Icon]</texture>
				</control>
			</focusedlayout>
		</control>
		<control type="group">
			<visible>Control.IsVisible(54)</visible>
			<control type="group">
				<visible>Container.Content(addons)</visible>
				<control type="textbox">
					<!-- Addon description -->
					<left>560</left>
					<top>400</top>
					<width>1290</width>
					<height>216</height>
					<label>$INFO[ListItem.AddonDescription]</label>
					<font>ctouch20</font>
					<align>justify</align>
					<visible>!String.IsEmpty(ListItem.AddonDescription)</visible>
				</control>
				<control type="textbox">
					<!-- Addon summary (Show if no description available)-->
					<left>560</left>
					<top>400</top>
					<width>1290</width>
					<height>216</height>
					<label>$INFO[ListItem.AddonSummary]</label>
					<font>ctouch20</font>
					<align>justify</align>
					<visible>String.IsEmpty(ListItem.AddonDescription)</visible>
				</control>
			</control>
			<include>sortletternotification</include>
			<control type="scrollbar" id="1254">
				<left>26</left>
				<top>918</top>
				<width>1858</width>
				<height>18</height>
				<onup>54</onup>
				<orientation>horizontal</orientation>
				<animation condition="!Control.HasFocus(1254) + !Container.Scrolling + !String.IsEqual(Skin.String(show-scrollbar),$LOCALIZE[31875])" effect="fade" start="100" end="0" time="200" reversible="true">Conditional</animation>
				<visible>$EXP[isEnabledScrollbar]</visible>
			</control>
			<control type="label">
				<!-- Go Back -->
				<left>26</left>
				<top>956</top>
				<width>1858</width>
				<height>57</height>
				<font>ctouch38</font>
				<align>center</align>
				<include condition="Skin.HasSetting(text-autoscroll)">scrolltext</include>
				<label>$LOCALIZE[31688]</label>
				<visible>$EXP[isParentFolder]</visible>
			</control>
			<control type="label">
				<!-- Label -->
				<left>26</left>
				<top>956</top>
				<width>1858</width>
				<height>57</height>
				<font>ctouch38</font>
				<align>center</align>
				<include condition="Skin.HasSetting(text-autoscroll)">scrolltext</include>
				<label>$INFO[ListItem.Label]</label>
				<visible>$EXP[isnotParentFolder]</visible>
			</control>
		</control>
	</include>
	<include name="PhotoWrap">
		<control type="wraplist" id="54">
			<viewtype label="31942">wrap</viewtype>
			<left>15</left>
			<top>290</top>
			<width>1884</width>
			<height>750</height>
			<onleft>54</onleft>
			<onright>54</onright>
			<onup>Control.SetFocus(80001,$INFO[Container(54).Position])</onup>
			<ondown condition="String.IsEqual(Skin.String(show-scrollbar),$LOCALIZE[31877])">54</ondown>
			<ondown condition="!String.IsEqual(Skin.String(show-scrollbar),$LOCALIZE[31877])">1254</ondown>
			<focusposition>2</focusposition>
			<orientation>horizontal</orientation>
			<scrolltime>0</scrolltime>
			<pagecontrol>1254</pagecontrol>
			<itemlayout height="303" width="303">
				<control type="image">
					<left>8</left>
					<top>336</top>
					<width>288</width>
					<height>288</height>
					<texture background="true" fallback="DefaultPicture.png">$INFO[ListItem.Icon]</texture>
					<fadetime>300</fadetime>
					<aspectratio aligny="bottom">keep</aspectratio>
					<visible>$EXP[isDefaultIcon]</visible>
				</control>
				<control type="image">
					<left>8</left>
					<top>336</top>
					<width>288</width>
					<height>288</height>
					<texture background="true" fallback="DefaultPicture.png">$INFO[ListItem.Icon]</texture>
					<aspectratio aligny="bottom">keep</aspectratio>
					<bordertexture border="18">picturepanel.png</bordertexture>
					<bordersize>18</bordersize>
					<fadetime>300</fadetime>
					<visible>$EXP[isnotDefaultIcon]</visible>
				</control>
			</itemlayout>
			<focusedlayout height="672" width="672">
				<control type="image">
					<left>24</left>
					<top>0</top>
					<height>624</height>
					<width>624</width>
					<texture background="true" fallback="DefaultPicture.png">$INFO[ListItem.Icon]</texture>
					<aspectratio aligny="bottom">keep</aspectratio>
					<bordertexture border="24">picturepanel.png</bordertexture>
					<bordersize>24</bordersize>
					<fadetime>300</fadetime>
					<visible>$EXP[isnotDefaultIcon]</visible>
				</control>
				<control type="image">
					<left>24</left>
					<top>0</top>
					<height>624</height>
					<width>624</width>
					<texture background="true" fallback="DefaultPicture.png">$INFO[ListItem.Icon]</texture>
					<aspectratio aligny="bottom">keep</aspectratio>
					<fadetime>300</fadetime>
					<visible>$EXP[isDefaultIcon]</visible>
				</control>
			</focusedlayout>
		</control>
		<control type="group">
			<visible>Control.IsVisible(54)</visible>
			<include>sortletternotification</include>
			<control type="scrollbar" id="1254">
				<left>26</left>
				<top>921</top>
				<width>1858</width>
				<height>27</height>
				<onup>Control.SetFocus(80001,$INFO[Container(54).Position])</onup>
				<ondown>54</ondown>
				<orientation>horizontal</orientation>
				<animation condition="!Control.HasFocus(1254) + !Container.Scrolling + !String.IsEqual(Skin.String(show-scrollbar),$LOCALIZE[31875])" effect="fade" start="100" end="0" time="200" reversible="true">Conditional</animation>
				<visible>$EXP[isEnabledScrollbar] + String.StartsWith(Container.Viewmode,Wrap)</visible>
			</control>
			<control type="label">
				<!-- Go Back -->
				<left>26</left>
				<top>950</top>
				<width>1858</width>
				<height>56</height>
				<font>ctouch38</font>
				<align>center</align>
				<include condition="Skin.HasSetting(text-autoscroll)">scrolltext</include>
				<label>$LOCALIZE[31688]</label>
				<visible>$EXP[isParentFolder]</visible>
			</control>
			<control type="label">
				<!-- Label -->
				<left>26</left>
				<top>950</top>
				<width>1858</width>
				<height>56</height>
				<font>ctouch38</font>
				<align>center</align>
				<include condition="Skin.HasSetting(text-autoscroll)">scrolltext</include>
				<label>$INFO[ListItem.Label]</label>
				<visible>$EXP[isnotParentFolder]</visible>
			</control>
			<control type="label">
				<!-- Resolution -->
				<left>424</left>
				<top>1024</top>
				<width>1062</width>
				<height>56</height>
				<align>center</align>
				<include condition="Skin.HasSetting(text-autoscroll)">scrolltext</include>
				<label>$INFO[ListItem.PictureResolution]</label>
			</control>
		</control>
	</include>
	<include name="Coverflow">
		<control type="wraplist" id="57">
			<viewtype label="31945">wrap</viewtype>
			<left>-212</left>
			<top>280</top>
			<width>2124</width>
			<height>788</height>
			<onleft>57</onleft>
			<onright>57</onright>
			<onup>Control.SetFocus(80001,$INFO[Container(57).Position])</onup>
			<ondown condition="String.IsEqual(Skin.String(show-scrollbar),$LOCALIZE[31877])">57</ondown>
			<ondown condition="!String.IsEqual(Skin.String(show-scrollbar),$LOCALIZE[31877])">1254</ondown>
			<focusposition>2</focusposition>
			<orientation>horizontal</orientation>
			<preloaditems>4</preloaditems>
			<pagecontrol>1257</pagecontrol>
			<itemlayout height="585" width="210"/>
			<focusedlayout height="615" width="480"/>
		</control>
		<control type="group" id="3011">
			<left>15</left>
			<top>300</top>
			<camera x="960" y="540" />
			<visible>Control.IsVisible(57) + Container.OnNext</visible>
			<animation effect="slide" end="-75,0" time="200" reversible="false">Hidden</animation>
			<control type="image">
				<left>0</left>
				<top>0</top>
				<width>432</width>
				<height>432</height>
				<texture background="true" diffuse="mask-squ.png">DefaultScript.png</texture>
				<info>Container.ListItem(-5).Icon</info>
				<animation effect="rotatey" center="-60" end="-60" condition="true">Conditional</animation>
				<visible>[Integer.IsGreater(Container(57).NumItems,10) + $EXP[isnotEnabledParentDirectory]] | [Integer.IsGreater(Container(57).NumItems,9) + $EXP[isEnabledParentDirectory]]</visible>
			</control>
			<control type="image">
				<left>132</left>
				<top>0</top>
				<width>432</width>
				<height>432</height>
				<texture background="true" diffuse="mask-squ.png">DefaultScript.png</texture>
				<info>Container.ListItem(-4).Icon</info>
				<animation effect="rotatey" center="15" end="-60" condition="true">Conditional</animation>
				<visible>[Integer.IsGreater(Container(57).NumItems,8) + $EXP[isnotEnabledParentDirectory]] | [Integer.IsGreater(Container(57).NumItems,7) + $EXP[isEnabledParentDirectory]]</visible>
			</control>
			<control type="image">
				<left>266</left>
				<top>0</top>
				<width>432</width>
				<height>432</height>
				<texture background="true" diffuse="mask-squ.png">DefaultScript.png</texture>
				<info>Container.ListItem(-3).Icon</info>
				<animation effect="rotatey" center="90" end="-60" condition="true">Conditional</animation>
				<visible>[Integer.IsGreater(Container(57).NumItems,6) + $EXP[isnotEnabledParentDirectory]] | [Integer.IsGreater(Container(57).NumItems,5) + $EXP[isEnabledParentDirectory]]</visible>
			</control>
			<control type="image">
				<left>398</left>
				<top>0</top>
				<width>432</width>
				<height>432</height>
				<texture background="true" diffuse="mask-squ.png">DefaultScript.png</texture>
				<info>Container.ListItem(-2).Icon</info>
				<animation effect="rotatey" center="165" end="-60" condition="true">Conditional</animation>
				<visible>[Integer.IsGreater(Container(57).NumItems,4) + $EXP[isnotEnabledParentDirectory]] | [Integer.IsGreater(Container(57).NumItems,3) + $EXP[isEnabledParentDirectory]]</visible>
			</control>
			<control type="image">
				<left>1512</left>
				<top>0</top>
				<width>432</width>
				<height>432</height>
				<texture background="true" diffuse="mask-rect.png">DefaultScript.png</texture>
				<info>Container.ListItem(4).Icon</info>
				<animation effect="rotatey" center="2151" end="60" condition="true">Conditional</animation>
				<visible>[Integer.IsGreater(Container(57).NumItems,7) + $EXP[isnotEnabledParentDirectory]] | [Integer.IsGreater(Container(57).NumItems,6) + $EXP[isEnabledParentDirectory]]</visible>
			</control>
			<control type="image">
				<left>1380</left>
				<top>0</top>
				<width>432</width>
				<height>432</height>
				<texture background="true" diffuse="mask-squ.png">DefaultScript.png</texture>
				<info>Container.ListItem(3).Icon</info>
				<animation effect="rotatey" center="2018" end="60" condition="true">Conditional</animation>
				<visible>[Integer.IsGreater(Container(57).NumItems,5) + $EXP[isnotEnabledParentDirectory]] | [Integer.IsGreater(Container(57).NumItems,4) + $EXP[isEnabledParentDirectory]]</visible>
			</control>
			<control type="image">
				<left>1246</left>
				<top>0</top>
				<width>432</width>
				<height>432</height>
				<texture background="true" diffuse="mask-squ.png">DefaultScript.png</texture>
				<info>Container.ListItem(2).Icon</info>
				<animation effect="rotatey" center="1886" end="60" condition="true">Conditional</animation>
				<visible>[Integer.IsGreater(Container(57).NumItems,3) + $EXP[isnotEnabledParentDirectory]] | [Integer.IsGreater(Container(57).NumItems,2) + $EXP[isEnabledParentDirectory]]</visible>
			</control>
			<control type="image">
				<left>1114</left>
				<top>0</top>
				<width>432</width>
				<height>432</height>
				<texture background="true" diffuse="mask-squ.png">DefaultScript.png</texture>
				<info>Container.ListItem(1).Icon</info>
				<animation effect="rotatey" center="1752" end="60" condition="true">Conditional</animation>
				<visible>[Integer.IsGreater(Container(57).NumItems,1) + $EXP[isnotEnabledParentDirectory]] | [Integer.IsGreater(Container(57).NumItems,0) + $EXP[isEnabledParentDirectory]]</visible>
			</control>
			<control type="group">
				<visible>Control.IsVisible(57) + Container.OnNext</visible>
				<animation effect="slide" end="-90,0" time="200" reversible="false">Hidden</animation>
				<control type="image">
					<left>690</left>
					<top>0</top>
					<width>432</width>
					<height>432</height>
					<texture background="true" diffuse="mask-squ.png">DefaultScript.png</texture>
					<info>Container.ListItem(-1).Icon</info>
					<visible>Container.OnNext</visible>
					<animation effect="rotatey" center="330" start="0" end="-60" time="200" reversible="false">Hidden</animation>
					<visible>[Integer.IsGreater(Container(57).NumItems,2) + $EXP[isnotEnabledParentDirectory]] | [Integer.IsGreater(Container(57).NumItems,1) + $EXP[isEnabledParentDirectory]]</visible>
				</control>
				<control type="image">
					<left>981</left>
					<top>0</top>
					<width>432</width>
					<height>432</height>
					<texture background="true" diffuse="mask-rect.png">DefaultScript.png</texture>
					<info>Container.ListItem(0).Icon</info>
					<visible>Container.OnNext</visible>
					<animation effect="rotatey" center="1620" start="0" end="-60" time="200" reversible="false">Hidden</animation>
					<animation effect="rotatey" center="1620" start="60" end="60" time="200" condition="true">Conditional</animation>
				</control>
			</control>
		</control>
		<control type="group" id="3012">
			<left>15</left>
			<top>300</top>
			<camera x="960" y="540" />
			<visible>Control.IsVisible(57) + Container.OnPrevious</visible>
			<animation effect="slide" end="75,0" time="200" reversible="false">Hidden</animation>
			<control type="image">
				<left>-132</left>
				<top>0</top>
				<width>432</width>
				<height>432</height>
				<texture background="true" diffuse="mask-squ.png">DefaultScript.png</texture>
				<info>Container.ListItem(-4).Icon</info>
				<animation effect="rotatey" center="-135" end="-60" condition="true">Conditional</animation>
				<visible>[Integer.IsGreater(Container(57).NumItems,8) + $EXP[isnotEnabledParentDirectory]] | [Integer.IsGreater(Container(57).NumItems,7) + $EXP[isEnabledParentDirectory]]</visible>
			</control>
			<control type="image">
				<left>0</left>
				<top>0</top>
				<width>432</width>
				<height>432</height>
				<texture background="true" diffuse="mask-squ.png">DefaultScript.png</texture>
				<info>Container.ListItem(-3).Icon</info>
				<animation effect="rotatey" center="-60" end="-60" condition="true">Conditional</animation>
				<visible>[Integer.IsGreater(Container(57).NumItems,6) + $EXP[isnotEnabledParentDirectory]] | [Integer.IsGreater(Container(57).NumItems,5) + $EXP[isEnabledParentDirectory]]</visible>
			</control>
			<control type="image">
				<left>132</left>
				<top>0</top>
				<width>432</width>
				<height>432</height>
				<texture background="true" diffuse="mask-squ.png">DefaultScript.png</texture>
				<info>Container.ListItem(-2).Icon</info>
				<animation effect="rotatey" center="15" end="-60" condition="true">Conditional</animation>
				<visible>[Integer.IsGreater(Container(57).NumItems,4) + $EXP[isnotEnabledParentDirectory]] | [Integer.IsGreater(Container(57).NumItems,3) + $EXP[isEnabledParentDirectory]]</visible>
			</control>
			<control type="image">
				<left>266</left>
				<top>0</top>
				<width>432</width>
				<height>432</height>
				<texture background="true" diffuse="mask-squ.png">DefaultScript.png</texture>
				<info>Container.ListItem(-1).Icon</info>
				<animation effect="rotatey" center="90" end="-60" condition="true">Conditional</animation>
				<visible>[Integer.IsGreater(Container(57).NumItems,2) + $EXP[isnotEnabledParentDirectory]] | [Integer.IsGreater(Container(57).NumItems,1) + $EXP[isEnabledParentDirectory]]</visible>
			</control>
			<control type="image">
				<left>1380</left>
				<top>0</top>
				<width>432</width>
				<height>432</height>
				<texture background="true" diffuse="mask-squ.png">DefaultScript.png</texture>
				<info>Container.ListItem(5).Icon</info>
				<animation effect="rotatey" center="2018" end="60" condition="true">Conditional</animation>
				<visible>[Integer.IsGreater(Container(57).NumItems,9) + $EXP[isnotEnabledParentDirectory]] | [Integer.IsGreater(Container(57).NumItems,8) + $EXP[isEnabledParentDirectory]]</visible>
			</control>
			<control type="image">
				<left>1246</left>
				<top>0</top>
				<width>432</width>
				<height>432</height>
				<texture background="true" diffuse="mask-squ.png">DefaultScript.png</texture>
				<info>Container.ListItem(4).Icon</info>
				<animation effect="rotatey" center="1886" end="60" condition="true">Conditional</animation>
				<visible>[Integer.IsGreater(Container(57).NumItems,7) + $EXP[isnotEnabledParentDirectory]] | [Integer.IsGreater(Container(57).NumItems,6) + $EXP[isEnabledParentDirectory]]</visible>
			</control>
			<control type="image">
				<left>1114</left>
				<top>0</top>
				<width>432</width>
				<height>432</height>
				<texture background="true" diffuse="mask-squ.png">DefaultScript.png</texture>
				<info>Container.ListItem(3).Icon</info>
				<animation effect="rotatey" center="1752" end="60" condition="true">Conditional</animation>
				<visible>[Integer.IsGreater(Container(57).NumItems,5) + $EXP[isnotEnabledParentDirectory]] | [Integer.IsGreater(Container(57).NumItems,4) + $EXP[isEnabledParentDirectory]]</visible>
			</control>
			<control type="image">
				<left>981</left>
				<top>0</top>
				<width>432</width>
				<height>432</height>
				<texture background="true" diffuse="mask-squ.png">DefaultScript.png</texture>
				<info>Container.ListItem(2).Icon</info>
				<animation effect="rotatey" center="1620" end="60" condition="true">Conditional</animation>
				<visible>[Integer.IsGreater(Container(57).NumItems,3) + $EXP[isnotEnabledParentDirectory]] | [Integer.IsGreater(Container(57).NumItems,2) + $EXP[isEnabledParentDirectory]]</visible>
			</control>
			<control type="group">
				<visible>Control.IsVisible(57) + Container.OnPrevious</visible>
				<animation effect="slide" end="90,0" time="200" reversible="false">Hidden</animation>
				<control type="image">
					<left>690</left>
					<top>0</top>
					<width>432</width>
					<height>432</height>
					<texture background="true" diffuse="mask-squ.png">DefaultScript.png</texture>
					<info>Container.ListItem(1).Icon</info>
					<visible>Container.OnPrevious</visible>
					<animation effect="rotatey" center="750" start="0" end="60" time="200" reversible="false">Hidden</animation>
					<visible>[Integer.IsGreater(Container(57).NumItems,1) + $EXP[isnotEnabledParentDirectory]] | [Integer.IsGreater(Container(57).NumItems,0) + $EXP[isEnabledParentDirectory]]</visible>
				</control>
				<control type="image">
					<left>398</left>
					<top>0</top>
					<width>432</width>
					<height>432</height>
					<texture background="true" diffuse="mask-squ.png">DefaultScript.png</texture>
					<info>Container.ListItem(0).Icon</info>
					<visible>Container.OnPrevious</visible>
					<animation effect="rotatey" center="165" start="0" end="60" time="200" reversible="false">Hidden</animation>
					<animation effect="rotatey" center="165" end="-60" condition="true">Conditional</animation>
				</control>
			</control>
		</control>
		<control type="group" id="3010">
			<left>15</left>
			<top>300</top>
			<camera x="960" y="540" />
			<visible>Control.IsVisible(57) + !Control.IsVisible(3011)  + !Control.IsVisible(3012)</visible>
			<control type="image">
				<left>0</left>
				<top>0</top>
				<width>432</width>
				<height>432</height>
				<texture background="true" diffuse="mask-squ.png">DefaultScript.png</texture>
				<info>Container.ListItem(-4).Icon</info>
				<animation effect="rotatey" center="-60" end="-60" condition="true">Conditional</animation>
				<visible>[Integer.IsGreater(Container(57).NumItems,8) + $EXP[isnotEnabledParentDirectory]] | [Integer.IsGreater(Container(57).NumItems,7) + $EXP[isEnabledParentDirectory]]</visible>
			</control>
			<control type="image">
				<left>132</left>
				<top>0</top>
				<width>432</width>
				<height>432</height>
				<texture background="true" diffuse="mask-squ.png">DefaultScript.png</texture>
				<info>Container.ListItem(-3).Icon</info>
				<animation effect="rotatey" center="15" end="-60" condition="true">Conditional</animation>
				<visible>[Integer.IsGreater(Container(57).NumItems,6) + $EXP[isnotEnabledParentDirectory]] | [Integer.IsGreater(Container(57).NumItems,5) + $EXP[isEnabledParentDirectory]]</visible>
			</control>
			<control type="image">
				<left>266</left>
				<top>0</top>
				<width>432</width>
				<height>432</height>
				<texture background="true" diffuse="mask-squ.png">DefaultScript.png</texture>
				<info>Container.ListItem(-2).Icon</info>
				<animation effect="rotatey" center="90" end="-60" condition="true">Conditional</animation>
				<visible>[Integer.IsGreater(Container(57).NumItems,4) + $EXP[isnotEnabledParentDirectory]] | [Integer.IsGreater(Container(57).NumItems,3) + $EXP[isEnabledParentDirectory]]</visible>
			</control>
			<control type="image">
				<left>398</left>
				<top>0</top>
				<width>432</width>
				<height>432</height>
				<texture background="true" diffuse="mask-squ.png">DefaultScript.png</texture>
				<info>Container.ListItem(-1).Icon</info>
				<animation effect="rotatey" center="165" end="-60" condition="true">Conditional</animation>
				<visible>[Integer.IsGreater(Container(57).NumItems,2) + $EXP[isnotEnabledParentDirectory]] | [Integer.IsGreater(Container(57).NumItems,1) + $EXP[isEnabledParentDirectory]]</visible>
			</control>
			<control type="image">
				<left>1380</left>
				<top>0</top>
				<width>432</width>
				<height>432</height>
				<texture background="true" diffuse="mask-squ.png">DefaultScript.png</texture>
				<info>Container.ListItem(4).Icon</info>
				<animation effect="rotatey" center="2018" end="60" condition="true">Conditional</animation>
				<visible>[Integer.IsGreater(Container(57).NumItems,7) + $EXP[isnotEnabledParentDirectory]] | [Integer.IsGreater(Container(57).NumItems,6) + $EXP[isEnabledParentDirectory]]</visible>
			</control>
			<control type="image">
				<left>1246</left>
				<top>0</top>
				<width>432</width>
				<height>432</height>
				<texture background="true" diffuse="mask-squ.png">DefaultScript.png</texture>
				<info>Container.ListItem(3).Icon</info>
				<animation effect="rotatey" center="1886" end="60" condition="true">Conditional</animation>
				<visible>[Integer.IsGreater(Container(57).NumItems,5) + $EXP[isnotEnabledParentDirectory]] | [Integer.IsGreater(Container(57).NumItems,4) + $EXP[isEnabledParentDirectory]]</visible>
			</control>
			<control type="image">
				<left>1114</left>
				<top>0</top>
				<width>432</width>
				<height>432</height>
				<texture background="true" diffuse="mask-squ.png">DefaultScript.png</texture>
				<info>Container.ListItem(2).Icon</info>
				<animation effect="rotatey" center="1752" end="60" condition="true">Conditional</animation>
				<visible>[Integer.IsGreater(Container(57).NumItems,3) + $EXP[isnotEnabledParentDirectory]] | [Integer.IsGreater(Container(57).NumItems,2) + $EXP[isEnabledParentDirectory]]</visible>
			</control>
			<control type="image">
				<left>981</left>
				<top>0</top>
				<width>432</width>
				<height>432</height>
				<texture background="true" diffuse="mask-squ.png">DefaultScript.png</texture>
				<info>Container.ListItem(1).Icon</info>
				<animation effect="rotatey" center="1620" end="60" condition="true">Conditional</animation>
				<visible>[Integer.IsGreater(Container(57).NumItems,1) + $EXP[isnotEnabledParentDirectory]] | [Integer.IsGreater(Container(57).NumItems,0) + $EXP[isEnabledParentDirectory]]</visible>
			</control>
			<control type="image">
				<left>726</left>
				<top>0</top>
				<width>432</width>
				<height>432</height>
				<texture background="true" diffuse="mask-squ.png">DefaultScript.png</texture>
				<aspectratio>stretch</aspectratio>
				<info>Container.ListItem(0).Icon</info>
			</control>
		</control>
		<control type="group">
			<visible>Control.IsVisible(57)</visible>
			<include>sortletternotification</include>
			<!-- Scroll Bar -->
			<control type="scrollbar" id="1257">
				<left>32</left>
				<top>885</top>
				<width>1858</width>
				<height>18</height>
				<onup>57</onup>
				<orientation>horizontal</orientation>
				<animation condition="!Control.HasFocus(1257) + !Container.Scrolling + !String.IsEqual(Skin.String(show-scrollbar),$LOCALIZE[31875])" effect="fade" start="100" end="0" time="200" reversible="true">Conditional</animation>
				<visible>$EXP[isEnabledScrollbar] + [[Integer.IsGreater(Container(57).NumItems,10) + $EXP[isnotEnabledParentDirectory]] | [Integer.IsGreater(Container(57).NumItems,9) + $EXP[isEnabledParentDirectory]]]</visible>
			</control>
			<control type="label">
				<left>291</left>
				<top>956</top>
				<width>1328</width>
				<height>57</height>
				<font>ctouch38</font>
				<align>center</align>
				<include condition="Skin.HasSetting(text-autoscroll)">scrolltext</include>
				<info>ListItem.Label</info>
			</control>
		</control>
	</include>
	<include name="WallView">
		<control type="panel" id="58">
			<left>204</left>
			<top>228</top>
			<width>1512</width>
			<height>648</height>
			<onleft condition="Skin.HasSetting(lock-screensettings)">noop</onleft>
			<onleft condition="!Skin.HasSetting(lock-screensettings)">9000</onleft>
			<onright condition="String.IsEqual(Skin.String(show-scrollbar),$LOCALIZE[31877])">noop</onright>
			<onright condition="!String.IsEqual(Skin.String(show-scrollbar),$LOCALIZE[31877])">1258</onright>
			<onup>Control.SetFocus(80001,$INFO[Container(58).Position])</onup>
			<ondown>58</ondown>
			<viewtype label="31944">Muro</viewtype>
			<animation effect="rotatey" end="-15" condition="Skin.HasSetting(tilted-videowall)">Conditional</animation>
			<pagecontrol>1258</pagecontrol>
			<preloaditems>4</preloaditems>
			<animation type="TYPE" condition="Skin.HasSetting(tiltmiscwallicon)" reversible="false">
				<effect type="rotatey" start="-15" end="-15" />
				<effect type="slide" end="98,0" />
				<effect type="zoom" start="100" end="115" center="auto" tween="back" easing="out" />
			</animation>
			<itemlayout height="216" width="216">
				<control type="image">
					<left>12</left>
					<top>12</top>
					<width>192</width>
					<height>192</height>
					<aspectratio>keep</aspectratio>
					<colordiffuse>UnFocusedCovers</colordiffuse>
					<texture fallback="DefaultProgram.png" background="true" diffuse="mask-squ.png">$INFO[ListItem.Icon]</texture>
				</control>
			</itemlayout>
			<focusedlayout height="216" width="216">
				<control type="image">
					<left>0</left>
					<top>0</top>
					<width>216</width>
					<height>216</height>
					<texture background="true" diffuse="mask-squ.png">$INFO[ListItem.Icon]</texture>
					<aspectratio>keep</aspectratio>
					<bordertexture border="14">mask-hilite.png</bordertexture>
					<bordersize>14</bordersize>
					<animation effect="zoom" start="90" end="140" center="auto" time="600" tween="back" easing="out" reversible="false">focus</animation>
					<visible>$EXP[isnotDefaultIcon]</visible>
				</control>
				<control type="image">
					<left>12</left>
					<top>12</top>
					<width>192</width>
					<height>192</height>
					<aspectratio>keep</aspectratio>
					<animation effect="zoom" start="90" end="140" center="auto" time="600" tween="back" easing="out" reversible="false">focus</animation>
					<texture background="true" diffuse="mask-squ.png">$INFO[ListItem.Icon]</texture>
					<visible>$EXP[isDefaultIcon]</visible>
				</control>
			</focusedlayout>
		</control>
		<control type="group">
			<visible>Control.IsVisible(58)</visible>
			<control type="label">
				<!-- Title -->
				<left>300</left>
				<top>938</top>
				<width>1320</width>
				<height>56</height>
				<font>ctouch38</font>
				<align>center</align>
				<include condition="Skin.HasSetting(text-autoscroll)">scrolltext</include>
				<label>$INFO[ListItem.Label]</label>
				<visible>$EXP[isnotParentFolder]</visible>
			</control>
			<control type="label">
				<!-- Go Back -->
				<left>300</left>
				<top>938</top>
				<width>1320</width>
				<height>56</height>
				<font>ctouch38</font>
				<align>center</align>
				<include condition="Skin.HasSetting(text-autoscroll)">scrolltext</include>
				<label>$LOCALIZE[31688]</label>
				<visible>$EXP[isParentFolder]</visible>
			</control>
			<control type="scrollbar" id="1258">
				<left>1872</left>
				<top>153</top>
				<width>18</width>
				<height>735</height>
				<onleft>58</onleft>
				<animation condition="!Control.HasFocus(1258) + !Container.Scrolling + !String.IsEqual(Skin.String(show-scrollbar),$LOCALIZE[31875])" effect="fade" start="100" end="0" time="200" reversible="true">Conditional</animation>
				<visible>$EXP[isEnabledScrollbar]</visible>
			</control>
		</control>
	</include>
	<include name="PhotoWall">
		<control type="panel" id="58">
			<left>204</left>
			<top>214</top>
			<width>1512</width>
			<height>648</height>
			<onleft condition="Skin.HasSetting(lock-screensettings)">noop</onleft>
			<onleft condition="!Skin.HasSetting(lock-screensettings)">9000</onleft>
			<onright condition="String.IsEqual(Skin.String(show-scrollbar),$LOCALIZE[31877])">noop</onright>
			<onright condition="!String.IsEqual(Skin.String(show-scrollbar),$LOCALIZE[31877])">1258</onright>
			<onup>Control.SetFocus(80001,$INFO[Container(58).Position])</onup>
			<ondown>58</ondown>
			<viewtype label="31944">wall</viewtype>
			<animation effect="rotatey" start="-15" end="-15" condition="Skin.HasSetting(tiltmiscwallicon)">Conditional</animation>
			<preloaditems>4</preloaditems>
			<pagecontrol>1258</pagecontrol>
			<itemlayout height="216" width="216">
				<control type="image">
					<left>12</left>
					<top>12</top>
					<width>192</width>
					<height>192</height>
					<texture background="true" diffuse="mask-squ.png">$INFO[ListItem.Icon]</texture>
					<aspectratio>keep</aspectratio>
					<bordertexture border="15">picturepanel.png</bordertexture>
					<bordersize>15</bordersize>
					<visible>$EXP[isnotDefaultIcon]</visible>
				</control>
				<control type="image">
					<left>12</left>
					<top>12</top>
					<width>192</width>
					<height>192</height>
					<aspectratio>keep</aspectratio>
					<texture background="true">$INFO[ListItem.Icon]</texture>
					<visible>$EXP[isDefaultIcon]</visible>
				</control>
			</itemlayout>
			<focusedlayout height="216" width="216">
				<control type="image">
					<left>12</left>
					<top>12</top>
					<width>192</width>
					<height>192</height>
					<texture background="true" diffuse="mask-squ.png">$INFO[ListItem.Icon]</texture>
					<aspectratio>keep</aspectratio>
					<bordertexture border="15">picturepanel.png</bordertexture>
					<bordersize>15</bordersize>
					<animation effect="zoom" start="90" end="150" center="auto" time="600" tween="back" easing="out" reversible="false">focus</animation>
					<visible>$EXP[isnotDefaultIcon]</visible>
				</control>
				<control type="image">
					<left>12</left>
					<top>12</top>
					<width>192</width>
					<height>192</height>
					<aspectratio>keep</aspectratio>
					<animation effect="zoom" start="90" end="150" center="auto" time="600" tween="back" easing="out" reversible="false">focus</animation>
					<texture background="true">$INFO[ListItem.Icon]</texture>
					<visible>$EXP[isDefaultIcon]</visible>
				</control>
			</focusedlayout>
		</control>
		<control type="group">
			<visible>Control.IsVisible(58)</visible>
			<!-- Label -->
			<control type="label">
				<left>30</left>
				<top>948</top>
				<width>1860</width>
				<height>56</height>
				<font>ctouch38</font>
				<align>center</align>
				<include condition="Skin.HasSetting(text-autoscroll)">scrolltext</include>
				<label>$INFO[ListItem.Label]</label>
				<visible>$EXP[isnotParentFolder]</visible>
			</control>
			<!-- Go Back -->
			<control type="label">
				<left>360</left>
				<top>948</top>
				<width>1200</width>
				<height>56</height>
				<font>ctouch38</font>
				<align>center</align>
				<include condition="Skin.HasSetting(text-autoscroll)">scrolltext</include>
				<label>$LOCALIZE[31688]</label>
				<visible>$EXP[isParentFolder]</visible>
			</control>
			<!-- Resolution -->
			<control type="label">
				<left>360</left>
				<top>1023</top>
				<width>1200</width>
				<height>56</height>
				<align>center</align>
				<include condition="Skin.HasSetting(text-autoscroll)">scrolltext</include>
				<label>$INFO[ListItem.PictureResolution]</label>
			</control>
			<control type="scrollbar" id="1258">
				<left>1872</left>
				<top>153</top>
				<width>18</width>
				<height>790</height>
				<onleft>58</onleft>
				<animation condition="!Control.HasFocus(1258) + !Container.Scrolling + !String.IsEqual(Skin.String(show-scrollbar),$LOCALIZE[31875])" effect="fade" start="100" end="0" time="200" reversible="true">Conditional</animation>
				<visible>$EXP[isEnabledScrollbar]</visible>
			</control>
		</control>
	</include>
	<include name="ListViewSearch">
		<control type="list" id="50">
			<left>60</left>
			<top>600</top>
			<width>1340</width>
			<height>400</height>
			<onright>9000</onright>
			<onleft>1250</onleft>
			<viewtype label="535">list</viewtype>
			<preloaditems>2</preloaditems>
			<pagecontrol>1250</pagecontrol>
			<scrolltime tween="cubic" easing="out">500</scrolltime>
			<animation effect="fade" time="200">VisibleChange</animation>
			<itemlayout height="100" width="1340">
				<control type="image">
					<!-- Button unfocus -->
					<left>0</left>
					<top>0</top>
					<width>1340</width>
					<height>100</height>
					<texture border="9">button-default.png</texture>
					<aspectratio>stretch</aspectratio>
				</control>
				<control type="image">
					<left>5</left>
					<top>5</top>
					<width>90</width>
					<height>90</height>
					<texture background="true">$INFO[ListItem.Art(poster)]</texture>
					<aspectratio>keep</aspectratio>
					<visible>Container.Content(movies) | Container.Content(tvshows) | Container.Content(seasons)</visible>
				</control>
				<control type="image">
					<left>5</left>
					<top>5</top>
					<width>90</width>
					<height>90</height>
					<texture background="true">$INFO[ListItem.Icon]</texture>
					<aspectratio>keep</aspectratio>
					<visible>![Container.Content(movies) | Container.Content(tvshows) | Container.Content(seasons)]</visible>
				</control>
				<control type="label">
					<left>110</left>
					<top>5</top>
					<height>50</height>
					<width>928</width>
					<aligny>center</aligny>
					<font>ctouch18</font>
					<label>$INFO[ListItem.Label]</label>
				</control>
				<control type="label">
					<left>110</left>
					<top>45</top>
					<height>50</height>
					<width>928</width>
					<aligny>center</aligny>
					<font>ctouch18</font>
					<label>$INFO[ListItem.Genre]</label>
					<textcolor>disabled-text</textcolor>
					<shadowcolor>shadow-text</shadowcolor>
					<visible>Container.Content(movies) | Container.Content(tvshows) | Container.Content(artists)</visible>
				</control>
				<control type="label">
					<left>110</left>
					<top>45</top>
					<height>50</height>
					<width>928</width>
					<aligny>center</aligny>
					<font>ctouch18</font>
					<label>$INFO[ListItem.TVShowTitle]</label>
					<textcolor>disabled-text</textcolor>
					<shadowcolor>shadow-text</shadowcolor>
					<visible>Container.Content(seasons) | Container.Content(episodes)</visible>
				</control>
				<control type="label">
					<left>110</left>
					<top>45</top>
					<height>50</height>
					<width>928</width>
					<aligny>center</aligny>
					<font>ctouch18</font>
					<label>$INFO[ListItem.Property(artist_genre)]</label>
					<textcolor>disabled-text</textcolor>
					<shadowcolor>shadow-text</shadowcolor>
					<visible>Container.Content(artists)</visible>
				</control>
				<control type="label">
					<left>110</left>
					<top>45</top>
					<height>50</height>
					<width>928</width>
					<aligny>center</aligny>
					<font>ctouch18</font>
					<label>$INFO[ListItem.Artist]</label>
					<textcolor>disabled-text</textcolor>
					<shadowcolor>shadow-text</shadowcolor>
					<visible>Container.Content(musicvideos) | Container.Content(albums) | Container.Content(songs)</visible>
				</control>
				<control type="label">
					<left>110</left>
					<top>45</top>
					<height>50</height>
					<width>928</width>
					<aligny>center</aligny>
					<font>ctouch18</font>
					<label>$INFO[ListItem.Property(Starttime)]</label>
					<textcolor>disabled-text</textcolor>
					<shadowcolor>shadow-text</shadowcolor>
					<visible>Container.Content(livetv)</visible>
				</control>
				<control type="label">
					<left>110</left>
					<top>45</top>
					<height>50</height>
					<width>928</width>
					<aligny>center</aligny>
					<font>ctouch18</font>
					<label>$INFO[ListItem.Label2]</label>
					<textcolor>disabled-text</textcolor>
					<shadowcolor>shadow-text</shadowcolor>
					<visible>Container.Content(actors) | Container.Content(directors)</visible>
				</control>
			</itemlayout>
			<focusedlayout height="100" width="1340">
				<control type="image">
					<!-- Button focus -->
					<left>0</left>
					<top>0</top>
					<width>1340</width>
					<height>100</height>
					<texture border="9">button-default-focus.png</texture>
					<aspectratio>stretch</aspectratio>
					<animation effect="fade" start="100" end="60" condition="!Control.HasFocus(50)">conditional</animation>
				</control>
				<control type="image">
					<left>5</left>
					<top>5</top>
					<width>90</width>
					<height>90</height>
					<texture background="true">$INFO[ListItem.Art(poster)]</texture>
					<aspectratio>keep</aspectratio>
					<visible>Container.Content(movies) | Container.Content(tvshows) | Container.Content(seasons)</visible>
				</control>
				<control type="image">
					<left>5</left>
					<top>5</top>
					<width>90</width>
					<height>90</height>
					<texture>$INFO[ListItem.Icon]</texture>
					<aspectratio>keep</aspectratio>
					<visible>![Container.Content(movies) | Container.Content(tvshows) | Container.Content(seasons)]</visible>
				</control>
				<control type="label">
					<left>110</left>
					<top>5</top>
					<height>50</height>
					<width>928</width>
					<aligny>center</aligny>
					<font>ctouch18</font>
					<label>$INFO[ListItem.Label]</label>
				</control>
				<control type="label">
					<left>110</left>
					<top>45</top>
					<height>50</height>
					<width>928</width>
					<aligny>center</aligny>
					<font>ctouch18</font>
					<label>$INFO[ListItem.Genre]</label>
					<textcolor>disabled-text</textcolor>
					<shadowcolor>shadow-text</shadowcolor>
					<visible>Container.Content(movies) | Container.Content(tvshows)</visible>
				</control>
				<control type="label">
					<left>110</left>
					<top>45</top>
					<height>50</height>
					<width>928</width>
					<aligny>center</aligny>
					<font>ctouch18</font>
					<label>$INFO[ListItem.TVShowTitle]</label>
					<textcolor>disabled-text</textcolor>
					<shadowcolor>shadow-text</shadowcolor>
					<visible>Container.Content(seasons) | Container.Content(episodes)</visible>
				</control>
				<control type="label">
					<left>110</left>
					<top>45</top>
					<height>50</height>
					<width>928</width>
					<aligny>center</aligny>
					<font>ctouch18</font>
					<label>$INFO[ListItem.Property(artist_genre)]</label>
					<textcolor>disabled-text</textcolor>
					<shadowcolor>shadow-text</shadowcolor>
					<visible>Container.Content(artists)</visible>
				</control>
				<control type="label">
					<left>110</left>
					<top>45</top>
					<height>50</height>
					<width>928</width>
					<aligny>center</aligny>
					<font>ctouch18</font>
					<label>$INFO[ListItem.Artist]</label>
					<textcolor>disabled-text</textcolor>
					<shadowcolor>shadow-text</shadowcolor>
					<visible>Container.Content(musicvideos) | Container.Content(albums) | Container.Content(songs)</visible>
				</control>
				<control type="label">
					<left>110</left>
					<top>45</top>
					<height>50</height>
					<width>928</width>
					<aligny>center</aligny>
					<font>ctouch18</font>
					<label>$INFO[ListItem.Property(Starttime)]</label>
					<textcolor>disabled-text</textcolor>
					<shadowcolor>shadow-text</shadowcolor>
					<visible>Container.Content(livetv)</visible>
				</control>
				<control type="label">
					<left>110</left>
					<top>45</top>
					<height>50</height>
					<width>928</width>
					<aligny>center</aligny>
					<font>ctouch18</font>
					<label>$INFO[ListItem.Label2]</label>
					<textcolor>disabled-text</textcolor>
					<shadowcolor>shadow-text</shadowcolor>
					<visible>Container.Content(actors) | Container.Content(directors)</visible>
				</control>
			</focusedlayout>
		</control>
		<control type="group">
			<left>60</left>
			<top>66</top>
			<visible>Control.IsVisible(50)</visible>
			<control type="image">
				<left>20</left>
				<top>100</top>
				<width>380</width>
				<height>380</height>
				<texture diffuse="mask-rect.png" background="true">$INFO[ListItem.Art(poster)]</texture>
				<aspectratio>keep</aspectratio>
				<visible>Container.Content(movies) | Container.Content(tvshows) | Container.Content(seasons)</visible>
			</control>
			<control type="image">
				<left>20</left>
				<top>100</top>
				<width>380</width>
				<height>380</height>
				<texture diffuse="mask-squ.png">$INFO[ListItem.Icon]</texture>
				<aspectratio>keep</aspectratio>
				<visible>![Container.Content(movies) | Container.Content(tvshows) | Container.Content(seasons)]</visible>
			</control>
			<control type="textbox">
				<left>420</left>
				<top>92</top>
				<height>394</height>
				<width>780</width>
				<align>justify</align>
				<font>ctouch18</font>
				<label>$INFO[ListItem.Plot]</label>
				<visible>Container.Content(movies) | Container.Content(tvshows) | Container.Content(seasons) | Container.Content(episodes) | Container.Content(musicvideos)</visible>
			</control>
			<control type="textbox">
				<left>420</left>
				<top>92</top>
				<height>394</height>
				<width>780</width>
				<align>justify</align>
				<font>ctouch18</font>
				<label>$INFO[ListItem.Property(Plot)]</label>
				<visible>Container.Content(livetv)</visible>
			</control>
			<control type="textbox">
				<left>420</left>
				<top>92</top>
				<height>394</height>
				<width>780</width>
				<align>justify</align>
				<font>ctouch18</font>
				<label>$INFO[ListItem.Property(Artist_Description)]</label>
				<visible>Container.Content(artists)</visible>
			</control>
			<control type="textbox">
				<left>420</left>
				<top>92</top>
				<height>394</height>
				<width>780</width>
				<align>justify</align>
				<font>ctouch18</font>
				<label>$INFO[ListItem.Property(Album_Description)]</label>
				<visible>Container.Content(albums)</visible>
			</control>
			<control type="textbox">
				<left>420</left>
				<top>92</top>
				<height>394</height>
				<width>780</width>
				<align>justify</align>
				<font>ctouch18</font>
				<label>$INFO[ListItem.Comment]</label>
				<visible>Container.Content(songs)</visible>
			</control>
		</control>
		<control type="group">
			<left>1280</left>
			<top>166</top>
			<visible>Control.IsVisible(50)</visible>
			<animation effect="fade" time="200">VisibleChange</animation>
			<control type="grouplist">
				<orientation>vertical</orientation>
				<left>0</left>
				<itemgap>6</itemgap>
				<height>500</height>
				<control type="image">
					<width>110</width>
					<height>60</height>
					<fadetime>200</fadetime>
					<aspectratio align="center" aligny="top">keep</aspectratio>
					<texture>$INFO[Container.ListItem.VideoAspect,special://skin/extras/images/aspectratio/,.png]</texture>
				</control>
				<control type="image">
					<width>110</width>
					<height>60</height>
					<fadetime>200</fadetime>
					<aspectratio align="center" aligny="top">keep</aspectratio>
					<texture>$INFO[Container.ListItem.VideoCodec,special://skin/extras/images/video/,.png]</texture>
				</control>
				<control type="image">
					<width>110</width>
					<height>60</height>
					<fadetime>200</fadetime>
					<aspectratio align="center" aligny="top">keep</aspectratio>
					<texture>$INFO[Container.ListItem.AudioCodec,special://skin/extras/images/audio/,.png]</texture>
				</control>
			</control>
		</control>
		<control type="scrollbar" id="1250">
			<left>20</left>
			<top>600</top>
			<width>18</width>
			<height>400</height>
			<onright>50</onright>
			<onleft>SetFocus(7500,0,absolute)</onleft>
			<animation condition="!Control.HasFocus(1250) + !Container.Scrolling + !String.IsEqual(Skin.String(show-scrollbar),$LOCALIZE[31875])" effect="fade" start="100" end="0" time="200" reversible="true">Conditional</animation>
			<visible>$EXP[isEnabledScrollbar] + Control.IsVisible(50)</visible>
		</control>
	</include>
	<include name="IconViewSearch">
		<control type="panel" id="51">
			<left>60</left>
			<top>166</top>
			<width>1320</width>
			<height>740</height>
			<onright>9000</onright>
			<onleft>1251</onleft>
			<viewtype label="536">icon</viewtype>
			<preloaditems>4</preloaditems>
			<pagecontrol>1251</pagecontrol>
			<animation effect="fade" time="200">VisibleChange</animation>
			<scrolltime tween="cubic" easing="out">500</scrolltime>
			<itemlayout height="370" width="264" condition="Container.Content(movies) | Container.Content(tvshows) | Container.Content(seasons)">
				<control type="image">
					<left>12</left>
					<top>0</top>
					<width>240</width>
					<height>360</height>
					<texture diffuse="mask-rect.png" colordiffuse="UnFocusedPosters" fallback="DefaultVideo.png" background="true">$INFO[ListItem.Art(poster)]</texture>
				</control>
				<control type="image">
					<left>12</left>
					<top>275</top>
					<width>240</width>
					<height>66</height>
					<texture colordiffuse="B0FFFFFF">colours/black.png</texture>
				</control>
				<control type="textbox">
					<left>16</left>
					<top>270</top>
					<width>232</width>
					<height>70</height>
					<font>ctouch16</font>
					<align>center</align>
					<aligny>center</aligny>
					<label>$INFO[ListItem.Label]</label>
				</control>
				<control type="group">
					<control type="image">
						<left>205</left>
						<top>0</top>
						<width>48</width>
						<height>48</height>
						<texture>$VAR[Overlay]</texture>
					</control>
				</control>
			</itemlayout>
			<itemlayout height="370" width="440" condition="Container.Content(episodes) | Container.Content(musicvideos)">
				<control type="image">
					<left>30</left>
					<top>10</top>
					<width>380</width>
					<height>250</height>
					<texture colordiffuse="UnFocusedPosters" border="2" background="true">$INFO[ListItem.Icon]</texture>
					<aspectratio>scale</aspectratio>
					<visible>$EXP[isnotDefaultIcon]</visible>
				</control>
				<control type="image">
					<left>92</left>
					<top>7</top>
					<width>256</width>
					<height>256</height>
					<texture colordiffuse="UnFocusedPosters">DefaultTVShows.png</texture>
					<visible>$EXP[isDefaultIcon] + $EXP[isEpisode]</visible>
				</control>
				<control type="image">
					<left>92</left>
					<top>7</top>
					<width>256</width>
					<height>256</height>
					<texture colordiffuse="UnFocusedPosters">DefaultMusicVideos.png</texture>
					<visible>$EXP[isDefaultIcon] + $EXP[isMusicvideo]</visible>
				</control>
				<control type="image">
					<left>30</left>
					<top>265</top>
					<width>380</width>
					<height>80</height>
					<texture colordiffuse="B0FFFFFF">colours/black.png</texture>
				</control>
				<control type="label">
					<left>40</left>
					<top>275</top>
					<width>360</width>
					<height>29</height>
					<font>ctouch16</font>
					<align>center</align>
					<aligny>center</aligny>
					<label>$INFO[ListItem.TvShowTitle]</label>
					<visible>Container.Content(episodes)</visible>
				</control>
				<control type="label">
					<left>40</left>
					<top>275</top>
					<width>360</width>
					<height>29</height>
					<font>ctouch16</font>
					<align>center</align>
					<aligny>center</aligny>
					<label>$INFO[ListItem.Artist]</label>
					<visible>Container.Content(musicvideos)</visible>
				</control>
				<control type="label">
					<left>40</left>
					<top>304</top>
					<width>360</width>
					<height>29</height>
					<font>ctouch16</font>
					<align>center</align>
					<aligny>center</aligny>
					<label>$INFO[ListItem.Label]</label>
				</control>
				<control type="image">
					<left>365</left>
					<top>0</top>
					<width>48</width>
					<height>48</height>
					<texture>$VAR[Overlay]</texture>
				</control>
			</itemlayout>
			<itemlayout height="370" width="330" condition="Container.Content(artists) | Container.Content(albums) | Container.Content(songs) | Container.Content(actors) | Container.Content(directors) | Container.Content(livetv)">
				<control type="image">
					<left>15</left>
					<top>10</top>
					<width>300</width>
					<height>300</height>
					<texture colordiffuse="UnFocusedPosters" diffuse="mask-squ.png" border="2" background="true">$INFO[ListItem.Icon]</texture>
					<aspectratio>scale</aspectratio>
				</control>
				<control type="image">
					<left>15</left>
					<top>225</top>
					<width>300</width>
					<height>75</height>
					<texture colordiffuse="B0FFFFFF">colours/black.png</texture>
				</control>
				<control type="textbox">
					<left>30</left>
					<top>225</top>
					<width>270</width>
					<height>70</height>
					<font>ctouch16</font>
					<align>center</align>
					<aligny>center</aligny>
					<label>$INFO[ListItem.Label]</label>
					<visible>Container.Content(artists)</visible>
				</control>
				<control type="label">
					<left>30</left>
					<top>240</top>
					<width>270</width>
					<height>29</height>
					<font>ctouch16</font>
					<align>center</align>
					<aligny>center</aligny>
					<label>$INFO[ListItem.Artist]</label>
					<visible>Container.Content(albums) | Container.Content(songs)</visible>
				</control>
				<control type="label">
					<left>30</left>
					<top>240</top>
					<width>270</width>
					<height>29</height>
					<font>ctouch16</font>
					<align>center</align>
					<aligny>center</aligny>
					<label>$INFO[ListItem.Property(ChannelName)]</label>
					<visible>Container.Content(livetv)</visible>
				</control>
				<control type="label">
					<left>30</left>
					<top>266</top>
					<width>280</width>
					<height>29</height>
					<font>ctouch16</font>
					<align>center</align>
					<aligny>center</aligny>
					<label>$INFO[ListItem.Label]</label>
					<visible>!Container.Content(artists)</visible>
				</control>
				<control type="image">
					<left>268</left>
					<top>10</top>
					<width>48</width>
					<height>48</height>
					<texture>$VAR[Overlay]</texture>
					<visible>Container.Content(songs)</visible>
				</control>
			</itemlayout>
			<focusedlayout height="370" width="264" condition="Container.Content(movies) | Container.Content(tvshows) | Container.Content(seasons)">
				<control type="group">
					<animation condition="true" effect="zoom" start="100" end="104" center="auto">Conditional</animation>
					<control type="image">
						<left>12</left>
						<top>0</top>
						<width>240</width>
						<height>360</height>
						<texture diffuse="mask-rect.png" fallback="DefaultVideo.png" background="true">$INFO[ListItem.Art(poster)]</texture>
						<fadetime>500</fadetime>
					</control>
					<control type="image">
						<left>12</left>
						<top>275</top>
						<width>240</width>
						<height>66</height>
						<texture colordiffuse="B0FFFFFF">colours/black.png</texture>
					</control>
					<control type="textbox">
						<left>16</left>
						<top>270</top>
						<width>232</width>
						<height>70</height>
						<font>ctouch16</font>
						<align>center</align>
						<aligny>center</aligny>
						<label>$INFO[ListItem.Label]</label>
					</control>
					<control type="image">
						<left>205</left>
						<top>0</top>
						<width>48</width>
						<height>48</height>
						<texture>$VAR[Overlay]</texture>
					</control>
				</control>
			</focusedlayout>
			<focusedlayout height="370" width="440" condition="Container.Content(episodes) | Container.Content(musicvideos)">
				<control type="group">
					<animation condition="true" effect="zoom" start="100" end="104" center="auto">Conditional</animation>
					<control type="image">
						<left>30</left>
						<top>10</top>
						<width>380</width>
						<height>250</height>
						<texture border="2" background="true">$INFO[ListItem.Icon]</texture>
						<aspectratio>scale</aspectratio>
						<visible>$EXP[isnotDefaultIcon]</visible>
					</control>
					<control type="image">
						<left>92</left>
						<top>7</top>
						<width>256</width>
						<height>256</height>
						<texture>DefaultTVShows.png</texture>
						<visible>$EXP[isDefaultIcon] + $EXP[isEpisode]</visible>
					</control>
					<control type="image">
						<left>92</left>
						<top>7</top>
						<width>256</width>
						<height>256</height>
						<texture>DefaultMusicVideos.png</texture>
						<visible>$EXP[isDefaultIcon] + $EXP[isMusicvideo]</visible>
					</control>
					<control type="image">
						<left>30</left>
						<top>265</top>
						<width>380</width>
						<height>80</height>
						<texture colordiffuse="B0FFFFFF">colours/black.png</texture>
					</control>
					<control type="label">
						<left>40</left>
						<top>275</top>
						<width>360</width>
						<height>29</height>
						<font>ctouch16</font>
						<align>center</align>
						<aligny>center</aligny>
						<label>$INFO[ListItem.TvShowTitle]</label>
						<visible>Container.Content(episodes)</visible>
					</control>
					<control type="label">
						<left>40</left>
						<top>275</top>
						<width>360</width>
						<height>29</height>
						<font>ctouch16</font>
						<align>center</align>
						<aligny>center</aligny>
						<label>$INFO[ListItem.Artist]</label>
						<visible>Container.Content(musicvideos)</visible>
					</control>
					<control type="label">
						<left>40</left>
						<top>304</top>
						<width>360</width>
						<height>29</height>
						<font>ctouch16</font>
						<align>center</align>
						<aligny>center</aligny>
						<label>$INFO[ListItem.Label]</label>
					</control>
					<control type="image">
						<left>365</left>
						<top>0</top>
						<width>48</width>
						<height>48</height>
						<texture>$VAR[Overlay]</texture>
					</control>
				</control>
			</focusedlayout>
			<focusedlayout height="370" width="330" condition="Container.Content(artists) | Container.Content(albums) | Container.Content(songs) | Container.Content(actors) | Container.Content(directors) | Container.Content(livetv)">
				<control type="group">
					<animation condition="true" effect="zoom" start="100" end="104" center="auto">Conditional</animation>
					<control type="image">
						<left>15</left>
						<top>10</top>
						<width>300</width>
						<height>300</height>
						<texture diffuse="mask-squ.png" border="2" background="true">$INFO[ListItem.Icon]</texture>
						<aspectratio>scale</aspectratio>
					</control>
					<control type="image">
						<left>15</left>
						<top>225</top>
						<width>300</width>
						<height>75</height>
						<texture colordiffuse="B0FFFFFF">colours/black.png</texture>
					</control>
					<control type="textbox">
						<left>30</left>
						<top>225</top>
						<width>270</width>
						<height>70</height>
						<font>ctouch16</font>
						<align>center</align>
						<aligny>center</aligny>
						<label>$INFO[ListItem.Label]</label>
						<visible>Container.Content(artists)</visible>
					</control>
					<control type="label">
						<left>30</left>
						<top>240</top>
						<width>270</width>
						<height>29</height>
						<font>ctouch16</font>
						<align>center</align>
						<aligny>center</aligny>
						<label>$INFO[ListItem.Artist]</label>
						<visible>Container.Content(albums) | Container.Content(songs)</visible>
					</control>
					<control type="label">
						<left>30</left>
						<top>240</top>
						<width>270</width>
						<height>29</height>
						<font>ctouch16</font>
						<align>center</align>
						<aligny>center</aligny>
						<label>$INFO[ListItem.Property(ChannelName)]</label>
						<visible>Container.Content(livetv)</visible>
					</control>
					<control type="label">
						<left>30</left>
						<top>266</top>
						<width>280</width>
						<height>29</height>
						<font>ctouch16</font>
						<align>center</align>
						<aligny>center</aligny>
						<label>$INFO[ListItem.Label]</label>
						<visible>!Container.Content(artists)</visible>
					</control>
					<control type="image">
						<left>268</left>
						<top>10</top>
						<width>48</width>
						<height>48</height>
						<texture>$VAR[Overlay]</texture>
						<visible>Container.Content(songs)</visible>
					</control>
				</control>
			</focusedlayout>
		</control>
		<control type="group">
			<left>790</left>
			<top>1015</top>
			<visible>Control.IsVisible(51)</visible>
			<animation effect="fade" time="200">VisibleChange</animation>
			<control type="grouplist">
				<orientation>horizontal</orientation>
				<left>0</left>
				<itemgap>6</itemgap>
				<width>500</width>
				<align>right</align>
				<animation effect="slide" start ="0,0" end="-420,0" condition="Control.IsVisible(51)">Conditional</animation>
				<control type="image">
					<width>110</width>
					<height>60</height>
					<fadetime>200</fadetime>
					<aspectratio align="center" aligny="top">keep</aspectratio>
					<texture>$INFO[Container.ListItem.VideoAspect,special://skin/extras/images/aspectratio/,.png]</texture>
				</control>
				<control type="image">
					<width>110</width>
					<height>60</height>
					<fadetime>200</fadetime>
					<aspectratio align="center" aligny="top">keep</aspectratio>
					<texture>$INFO[Container.ListItem.VideoCodec,special://skin/extras/images/video/,.png]</texture>
				</control>
				<control type="image">
					<width>110</width>
					<height>60</height>
					<fadetime>200</fadetime>
					<aspectratio align="center" aligny="top">keep</aspectratio>
					<texture>$INFO[Container.ListItem.AudioCodec,special://skin/extras/images/audio/,.png]</texture>
				</control>
			</control>
		</control>
		<control type="scrollbar" id="1251">
			<left>20</left>
			<top>166</top>
			<width>18</width>
			<height>740</height>
			<onright>51</onright>
			<onleft>SetFocus(7500,0,absolute)</onleft>
			<animation condition="!Control.HasFocus(1251) + !Container.Scrolling + !String.IsEqual(Skin.String(show-scrollbar),$LOCALIZE[31875])" effect="fade" start="100" end="0" time="200" reversible="true">Conditional</animation>
			<visible>$EXP[isEnabledScrollbar] + Control.IsVisible(51)</visible>
		</control>
	</include>
</includes>