<?xml version='1.0' encoding='UTF-8'?>
<addon id="skin.mitele"  version="1.4" name="mitele" provider-name="casper">
	<requires>
		<import addon="xbmc.gui" version="5.14.0" />
		<import addon="plugin.program.mitele" version="1.10"/>
	
	</requires>
	<extension debugging="false" effectslowdown="1" point="xbmc.gui.skin">
		<res aspect="16:9" default="true" folder="xml" height="1080" width="1920" />
	</extension>
	<extension point="xbmc.addon.metadata">
		<summary lang="es_ES">Skin para Cristal Azul</summary>
		<summary lang="en_GB">Skin para Cristal Azul</summary>				
		<description lang="en_GB">CTouch es un mod de skin realizado por STVA para Cristal Azul. Sin Cristal Azul no funciona correctamente.</description>
		<description lang="en_GB">CTouch es un mod de skin realizado por STVA para Cristal Azul. Sin Cristal Azul no funciona correctamente.</description>		
		<disclaimer lang="en_GB">Para dudas, preguntas o sugerencias [CR]Telegram: @kodi18</disclaimer>
		<disclaimer lang="es_ES">Para dudas, preguntas o sugerencias [CR]Telegram: @kodi18</disclaimer>		
		<platform>all</platform>
		<license></license>
		<website />
		<email />
		<news>Versión 1.4 - 3/11/20
- Reparado menú Cine
- Reparado menú Series
- Actualizado icono Buscador
- Reconfigurado Ajustes
- Agregado Luar a Ajustes
- Agregado Ajustes de Skin
- Agregada función añadir favoritos al inicio
- Ahora al pulsar en IPTV descarga el addon para tu plataforma</news>
		<assets>
			<icon>icon.png</icon>
			<fanart>fanart.jpg</fanart>
			<screenshot>resources/screenshot001.jpg</screenshot>
			<screenshot>resources/screenshot002.jpg</screenshot>
			<screenshot>resources/screenshot003.jpg</screenshot>
			<screenshot>resources/screenshot004.jpg</screenshot>
		</assets>
	</extension>
</addon>